Date,Metric,AAPL,GOOG
2013-05-13,High,65.414284,438.383728
2013-05-13,Low,64.5,433.868103
2013-05-14,High,65.028572,441.473633
2013-05-14,Low,63.164288,435.735962
2013-05-15,High,63.0,455.229187
2013-05-15,Low,60.337143,444.121429
2013-05-16,High,62.549999,457.017548
2013-05-16,Low,59.842857,448.090607
2013-05-17,High,62.869999,453.793518
2013-05-17,Low,61.572857,447.350403
2013-05-20,High,63.685715,457.325531
2013-05-20,Low,61.442856,449.575928
2013-05-21,High,63.639999,452.88443
2013-05-21,Low,62.028572,445.904816
2013-05-22,High,64.050003,451.71701
2013-05-22,Low,62.602856,440.574493
2013-05-23,High,63.737144,442.104523
2013-05-23,Low,62.255714,434.176117
2013-05-24,High,63.665714,436.570526
2013-05-24,Low,62.908573,432.690765
2013-05-28,High,64.444283,443.1875
2013-05-28,Low,62.978573,437.355438
2013-05-29,High,63.92857,436.158203
2013-05-29,Low,62.771427,429.352478
2013-05-30,High,64.928574,436.61026
2013-05-30,Low,63.501427,430.40564
2013-05-31,High,65.300003,435.666412
2013-05-31,Low,64.214287,430.957031
2013-06-03,High,64.622856,434.161194
2013-06-03,Low,63.21143,424.747437
2013-06-04,High,64.918571,432.482117
2013-06-04,Low,63.912857,424.275482
2013-06-05,High,64.388573,431.915802
2013-06-05,Low,63.387142,425.795624
2013-06-06,High,63.857143,430.365875
2013-06-06,Low,62.007141,420.87262
2013-06-07,High,63.32,437.156708
2013-06-07,Low,61.824287,429.864136
2013-06-10,High,64.154289,442.621185
2013-06-10,Low,62.400002,437.201416
2013-06-11,High,63.251427,440.634094
2013-06-11,Low,61.902859,436.918274
2013-06-12,High,63.035713,440.137329
2013-06-12,Low,61.642857,432.015167
2013-06-13,High,62.44857,436.987823
2013-06-13,Low,61.25,429.953552
2013-06-14,High,62.327145,439.491516
2013-06-14,Low,61.214287,434.240692
2013-06-17,High,62.242859,441.841248
2013-06-17,Low,61.48,436.302277
2013-06-18,High,62.128571,447.588867
2013-06-18,Low,61.458572,441.304749
2013-06-19,High,61.665714,452.477081
2013-06-19,Low,60.42857,445.850189
2013-06-20,High,60.854286,447.588867
2013-06-20,Low,59.310001,438.801025
2013-06-21,High,60.0,442.064789
2013-06-21,Low,58.299999,433.714111
2013-06-24,High,58.380001,435.328613
2013-06-24,Low,56.864285,428.835846
2013-06-25,High,58.255714,436.997742
2013-06-25,Low,56.975716,429.461761
2013-06-26,High,57.827145,436.163177
2013-06-26,Low,56.522858,432.472198
2013-06-27,High,57.341427,439.486572
2013-06-27,Low,56.220001,435.492554
2013-06-28,High,57.181427,438.07077
2013-06-28,Low,55.552856,434.270477
2013-07-01,High,58.895714,443.157684
2013-07-01,Low,57.317142,439.640564
2013-07-02,High,60.232857,442.621185
2013-07-02,Low,58.495716,435.800537
2013-07-03,High,60.425713,441.712097
2013-07-03,Low,59.635715,436.41156
2013-07-05,High,60.470001,444.81192
2013-07-05,Low,59.335712,440.803009
2013-07-08,High,60.142857,450.206848
2013-07-08,Low,58.664288,445.641541
2013-07-09,High,60.5,453.525269
2013-07-09,Low,58.625713,446.088623
2013-07-10,High,60.685715,452.626099
2013-07-10,Low,59.75,447.280884
2013-07-11,High,61.17857,457.429871
2013-07-11,Low,60.167141,451.324554
2013-07-12,High,61.398571,458.517792
2013-07-12,Low,60.487144,454.662842
2013-07-15,High,61.637142,461.001617
2013-07-15,Low,60.685715,455.219238
2013-07-16,High,61.529999,460.986725
2013-07-16,Low,60.595715,453.997192
2013-07-17,High,61.745716,460.435303
2013-07-17,Low,61.174286,455.189423
2013-07-18,High,62.124287,457.027466
2013-07-18,Low,61.515713,448.676788
2013-07-19,High,61.997143,448.557556
2013-07-19,Low,60.621429,434.975891
2013-07-22,High,61.392857,453.386169
2013-07-22,Low,60.781429,445.601776
2013-07-23,High,60.994286,453.550079
2013-07-23,Low,59.815716,446.878479
2013-07-24,High,63.512856,452.208832
2013-07-24,Low,62.18,447.43985
2013-07-25,High,63.057144,445.527283
2013-07-25,Low,62.258572,440.177063
2013-07-26,High,63.005714,442.119446
2013-07-26,Low,62.048573,438.150269
2013-07-29,High,64.284286,444.518829
2013-07-29,Low,62.885715,437.598846
2013-07-30,High,65.307144,444.911285
2013-07-30,Low,64.175713,437.588898
2013-07-31,High,65.334282,445.358368
2013-07-31,Low,64.204285,440.226746
2013-08-01,High,65.257141,449.352386
2013-08-01,Low,64.751427,444.608246
2013-08-02,High,66.121429,450.569489
2013-08-02,Low,65.237144,447.499451
2013-08-05,High,67.238571,449.834259
2013-08-05,Low,66.021431,446.694672
2013-08-06,High,67.412857,451.91571
2013-08-06,Low,66.024284,444.970886
2013-08-07,High,66.714287,446.322113
2013-08-07,Low,65.96714,441.672333
2013-08-08,High,66.300003,445.025543
2013-08-08,Low,65.421425,439.784637
2013-08-09,High,65.779999,444.866577
2013-08-09,Low,64.807144,442.12442
2013-08-12,High,66.949997,440.634094
2013-08-12,Low,65.232857,437.976379
2013-08-13,High,70.665718,441.379242
2013-08-13,Low,66.864288,435.268982
2013-08-14,High,72.035713,437.270966
2013-08-14,Low,70.485718,430.778198
2013-08-15,High,71.771431,429.665436
2013-08-15,Low,69.868568,426.227814
2013-08-16,High,71.848572,428.433441
2013-08-16,Low,71.265717,425.502502
2013-08-19,High,73.391426,433.182556
2013-08-19,Low,72.0,425.95459
2013-08-20,High,72.938568,433.237213
2013-08-20,Low,71.545715,428.979889
2013-08-21,High,72.449997,435.621704
2013-08-21,Low,71.599998,430.450348
2013-08-22,High,72.227142,434.548676
2013-08-22,Low,71.171425,432.313232
2013-08-23,High,71.907143,436.163177
2013-08-23,Low,71.335716,432.06485
2013-08-26,High,72.885712,434.623199
2013-08-26,Low,71.5,430.226776
2013-08-27,High,71.78714,429.07428
2013-08-27,Low,69.471428,421.210419
2013-08-28,High,70.828575,424.941162
2013-08-28,Low,69.428574,421.145844
2013-08-29,High,70.928574,427.410095
2013-08-29,Low,70.16143,421.553192
2013-08-30,High,70.421425,426.247681
2013-08-30,Low,69.5,420.048004
2013-09-03,High,71.514282,430.296326
2013-09-03,Low,69.621429,424.215881
2013-09-04,High,71.748573,433.927704
2013-09-04,Low,70.897141,424.82193
2013-09-05,High,71.525711,437.097107
2013-09-05,Low,70.519997,432.988831
2013-09-06,High,71.339996,439.034515
2013-09-06,Low,69.992859,434.046936
2013-09-09,High,72.559998,442.000214
2013-09-09,Low,71.925713,438.358887
2013-09-10,High,72.492859,443.11795
2013-09-10,Low,69.928574,439.143799
2013-09-11,High,67.669998,445.586884
2013-09-11,Low,66.401428,440.177063
2013-09-12,High,67.914284,446.048889
2013-09-12,Low,66.572861,442.129364
2013-09-13,High,67.404289,444.946045
2013-09-13,Low,66.385712,439.561066
2013-09-16,High,65.944283,445.601776
2013-09-16,Low,63.888573,439.575989
2013-09-17,High,65.672859,441.324615
2013-09-17,Low,63.92857,437.653473
2013-09-18,High,66.621429,449.06427
2013-09-18,Low,65.808571,438.681793
2013-09-19,High,67.975716,450.067749
2013-09-19,Low,67.035713,444.806946
2013-09-20,High,68.364288,449.143738
2013-09-20,Low,66.571426,444.91626
2013-09-23,High,70.987144,447.881958
2013-09-23,Low,68.942856,439.739929
2013-09-24,High,70.781425,442.174072
2013-09-24,Low,69.688568,437.852203
2013-09-25,High,69.94857,440.410553
2013-09-25,Low,68.775711,434.970947
2013-09-26,High,69.794289,438.522827
2013-09-26,Low,69.128571,434.672882
2013-09-27,High,69.238571,435.924744
2013-09-27,Low,68.674286,432.839783
2013-09-30,High,68.808571,437.574005
2013-09-30,Low,67.772858,431.349487
2013-10-01,High,69.877144,440.966949
2013-10-01,Low,68.339996,437.181549
2013-10-02,High,70.257141,441.806488
2013-10-02,Low,69.10714,436.073761
2013-10-03,High,70.335716,444.161163
2013-10-03,Low,68.677139,433.232239
2013-10-04,High,69.228569,435.919769
2013-10-04,Low,68.371429,432.189026
2013-10-07,High,70.378571,434.171143
2013-10-07,Low,69.335716,429.263062
2013-10-08,High,70.091431,430.192017
2013-10-08,Low,68.648575,423.063385
2013-10-09,High,69.684288,428.537781
2013-10-09,Low,68.325714,418.766327
2013-10-10,High,70.339996,431.607819
2013-10-10,Low,69.577141,427.325653
2013-10-11,High,70.548569,433.917786
2013-10-11,Low,69.308571,429.854218
2013-10-14,High,71.082855,435.293823
2013-10-14,Low,69.907143,429.898926
2013-10-15,High,71.714287,439.953522
2013-10-15,Low,70.788574,434.176117
2013-10-16,High,71.790001,446.262482
2013-10-16,Low,71.318573,439.148773
2013-10-17,High,72.111427,445.552124
2013-10-17,Low,71.382858,440.003204
2013-10-18,High,72.751427,504.449036
2013-10-18,Low,72.244286,483.852997
2013-10-21,High,74.900002,506.207611
2013-10-21,Low,73.074287,496.545441
2013-10-22,High,75.492859,503.22699
2013-10-22,Low,72.575714,494.677612
2013-10-23,High,75.095711,514.031738
2013-10-23,Low,74.14286,497.08197
2013-10-24,High,76.067146,516.922913
2013-10-24,Low,74.635712,509.088867
2013-10-25,High,76.175713,511.085876
2013-10-25,Low,75.015717,502.104309
2013-10-28,High,75.85714,508.408295
2013-10-28,Low,74.744286,503.222015
2013-10-29,High,77.035713,515.119629
2013-10-29,Low,73.505714,503.475372
2013-10-30,High,75.360001,515.402771
2013-10-30,Low,73.860001,509.684998
2013-10-31,High,75.355713,517.394836
2013-10-31,Low,74.46714,508.676544
2013-11-01,High,74.971428,514.65271
2013-11-01,Low,73.691429,509.237885
2013-11-04,High,75.260002,512.849426
2013-11-04,Low,74.115715,507.71283
2013-11-05,High,75.555717,512.49176
2013-11-05,Low,74.714287,505.422699
2013-11-06,High,74.980003,510.181763
2013-11-06,Low,74.028572,504.404327
2013-11-07,High,74.741432,508.656677
2013-11-07,Low,73.197144,500.564301
2013-11-08,High,74.447144,505.959229
2013-11-08,Low,73.227142,500.991547
2013-11-11,High,74.524284,504.682526
2013-11-11,Low,73.487144,500.743134
2013-11-12,High,74.845711,505.492249
2013-11-12,Low,73.85714,499.252838
2013-11-13,High,74.60714,513.08783
2013-11-13,Low,73.851425,499.997986
2013-11-14,High,75.611427,516.515564
2013-11-14,Low,74.552856,511.845947
2013-11-15,High,75.584282,515.64624
2013-11-15,Low,74.927139,511.82605
2013-11-18,High,75.312859,520.981506
2013-11-18,Low,74.028572,511.294525
2013-11-19,High,74.76857,514.031738
2013-11-19,Low,73.995712,508.219513
2013-11-20,High,74.345711,513.341187
2013-11-20,Low,73.475716,506.883209
2013-11-21,High,74.458572,515.800232
2013-11-21,Low,73.381432,509.684998
2013-11-22,High,74.594284,514.737122
2013-11-22,Low,74.075714,511.284576
2013-11-25,High,75.124283,523.192139
2013-11-25,Low,74.428574,514.165833
2013-11-26,High,76.591431,527.320313
2013-11-26,Low,74.85714,518.100281
2013-11-27,High,78.0,530.549316
2013-11-27,Low,76.199997,526.575134
2013-11-29,High,79.761429,529.86377
2013-11-29,Low,78.258568,526.301941
2013-12-02,High,80.618568,529.729614
2013-12-02,Low,78.688568,521.984985
2013-12-03,High,80.91143,528.283997
2013-12-03,Low,79.668571,521.120605
2013-12-04,High,81.312859,528.552307
2013-12-04,Low,80.117142,521.607422
2013-12-05,High,82.162857,526.40625
2013-12-05,Low,80.915718,522.148926
2013-12-06,High,80.964287,531.542847
2013-12-06,Low,79.938568,526.614868
2013-12-09,High,81.368568,537.658081
2013-12-09,Low,80.128571,530.559204
2013-12-10,High,81.125717,542.625732
2013-12-10,Low,80.171425,534.349548
2013-12-11,High,81.567146,542.133911
2013-12-11,Low,79.955711,534.111145
2013-12-12,High,80.762856,537.971008
2013-12-12,Low,80.004288,531.046082
2013-12-13,High,80.41143,534.66748
2013-12-13,Low,79.095711,525.526978
2013-12-16,High,80.377144,533.872681
2013-12-16,Low,79.28714,527.573669
2013-12-17,High,79.919998,536.888062
2013-12-17,Low,79.054283,530.738037
2013-12-18,High,78.778572,538.969543
2013-12-18,Low,76.971428,526.098267
2013-12-19,High,78.571426,542.466797
2013-12-19,Low,77.675713,536.053467
2013-12-20,High,78.80143,547.0271
2013-12-20,Low,77.831429,540.48468
2013-12-23,High,81.531425,554.294861
2013-12-23,Low,80.394287,548.98938
2013-12-24,High,81.697144,554.016663
2013-12-24,Low,80.861427,550.469727
2013-12-26,High,81.35714,555.884521
2013-12-26,Low,80.482857,550.762817
2013-12-27,High,80.629997,556.520386
2013-12-27,Low,79.928574,552.874084
2013-12-30,High,80.012856,556.629639
2013-12-30,Low,78.902855,550.926758
2013-12-31,High,80.182854,556.878052
2013-12-31,Low,79.14286,549.555664
2014-01-02,High,79.575714,555.26355
2014-01-02,Low,78.860001,550.549194
2014-01-03,High,79.099998,554.856201
2014-01-03,Low,77.204285,548.894958
2014-01-06,High,78.114288,555.814941
2014-01-06,Low,76.228569,549.645081
2014-01-07,High,77.994286,566.162659
2014-01-07,Low,76.845711,556.95752
2014-01-08,High,77.937141,569.953003
2014-01-08,Low,76.955711,562.983337
2014-01-09,High,78.122856,568.413025
2014-01-09,Low,76.478569,559.143311
2014-01-10,High,77.257141,565.859619
2014-01-10,Low,75.872856,557.499023
2014-01-13,High,77.5,569.749329
2014-01-13,Low,75.697144,554.975403
2014-01-14,High,78.104286,571.781128
2014-01-14,Low,76.808571,560.400146
2014-01-15,High,80.028572,573.768188
2014-01-15,Low,78.808571,568.199402
2014-01-16,High,79.550003,575.223694
2014-01-16,Low,78.811432,570.290833
2014-01-17,High,78.867142,576.565002
2014-01-17,Low,77.128571,568.403076
2014-01-21,High,78.581429,578.239136
2014-01-21,Low,77.202858,571.930176
2014-01-22,High,79.612854,580.17157
2014-01-22,Low,78.258568,575.68573
2014-01-23,High,79.5,577.489014
2014-01-23,Low,77.830002,573.4552
2014-01-24,High,79.374283,573.047852
2014-01-24,Low,77.821426,557.871582
2014-01-27,High,79.257141,559.610291
2014-01-27,Low,77.964287,537.638184
2014-01-28,High,73.571426,559.237671
2014-01-28,Low,71.724289,551.383789
2014-01-29,High,72.48143,557.25061
2014-01-29,Low,71.23143,546.157776
2014-01-30,High,72.35714,572.521301
2014-01-30,Low,70.957146,559.982849
2014-01-31,High,71.647141,589.436279
2014-01-31,Low,70.507141,571.845703
2014-02-03,High,72.53286,587.04187
2014-02-03,Low,71.328575,562.347473
2014-02-04,High,72.779999,573.768188
2014-02-04,Low,71.822861,564.831299
2014-02-05,High,73.611427,571.66687
2014-02-05,Low,72.321426,560.365356
2014-02-06,High,73.35714,576.331543
2014-02-06,Low,72.544289,570.067261
2014-02-07,High,74.704285,585.144226
2014-02-07,Low,73.91143,576.530212
2014-02-10,High,75.998573,587.379639
2014-02-10,Low,74.0,580.73291
2014-02-11,High,76.821426,592.084045
2014-02-11,Low,75.64286,582.317566
2014-02-12,High,77.080002,591.15509
2014-02-12,Low,76.177139,586.872986
2014-02-13,High,77.835716,596.07312
2014-02-13,Low,76.314285,586.018494
2014-02-14,High,77.997147,598.303589
2014-02-14,Low,77.315712,592.546082
2014-02-18,High,78.741432,602.516235
2014-02-18,Low,77.944283,596.122803
2014-02-19,High,78.127144,600.703003
2014-02-19,Low,76.335716,594.880859
2014-02-20,High,76.714287,599.545532
2014-02-20,Low,75.571426,596.232056
2014-02-21,High,76.367142,601.025879
2014-02-21,Low,74.942856,597.53363
2014-02-24,High,75.702858,606.137634
2014-02-24,Low,74.631432,598.656311
2014-02-25,High,75.652855,608.29364
2014-02-25,Low,74.428574,601.299133
2014-02-26,High,75.0,610.469482
2014-02-26,Low,73.657143,602.958313
2014-02-27,High,75.540001,608.159485
2014-02-27,Low,73.721428,604.572815
2014-02-28,High,76.10714,608.139648
2014-02-28,Low,74.58857,599.212708
2014-03-03,High,75.807144,600.017456
2014-03-03,Low,74.687141,592.218201
2014-03-04,High,76.091431,604.071106
2014-03-04,Low,75.395714,600.842102
2014-03-05,High,76.39286,607.588196
2014-03-05,Low,75.589996,601.790955
2014-03-06,High,76.348572,609.113281
2014-03-06,Low,75.442856,605.362671
2014-03-07,High,75.997147,609.530579
2014-03-07,Low,75.150002,601.805847
2014-03-10,High,76.190002,604.885803
2014-03-10,Low,75.477142,598.154602
2014-03-11,High,76.96286,603.236511
2014-03-11,Low,76.084282,594.453674
2014-03-12,High,76.764282,600.022461
2014-03-12,Low,76.0,588.26886
2014-03-13,High,77.094284,601.338867
2014-03-13,Low,75.594284,588.552063
2014-03-14,High,75.841431,591.58728
2014-03-14,Low,74.714287,582.476563
2014-03-17,High,75.709999,594.667236
2014-03-17,Low,75.121429,585.248535
2014-03-18,High,75.995712,601.850525
2014-03-18,Low,75.028572,592.675232
2014-03-19,High,76.605713,602.079041
2014-03-19,Low,75.571426,593.345886
2014-03-20,High,76.095711,600.896729
2014-03-20,Low,75.335716,593.81781
2014-03-21,High,76.25,600.906677
2014-03-21,Low,75.190002,587.40448
2014-03-24,High,77.214287,588.621582
2014-03-24,Low,76.437141,569.272461
2014-03-25,High,77.964287,581.140259
2014-03-25,Low,77.084282,569.794067
2014-03-26,High,78.428574,581.999634
2014-03-26,Low,76.980003,562.094116
2014-03-27,High,77.35714,564.893921
2014-03-27,Low,76.445717,549.896362
2014-03-28,High,76.991432,563.33252
2014-03-28,Low,76.321426,555.614929
2014-03-31,High,77.258568,563.899353
2014-03-31,Low,76.561432,553.88446
2014-04-01,High,77.410004,565.341431
2014-04-01,Low,76.681427,555.654724
2014-04-02,High,77.639999,601.522522
2014-04-02,Low,77.18,559.115662
2014-04-03,High,77.5,584.068481
2014-04-03,Low,76.805717,561.045044
2014-04-04,High,77.14286,574.610474
2014-04-04,Low,75.797142,540.03064
2014-04-07,High,75.842857,545.480652
2014-04-07,Low,74.555717,524.267273
2014-04-08,High,75.160004,551.965027
2014-04-08,Low,74.099998,538.648193
2014-04-09,High,75.784286,562.27832
2014-04-09,Low,74.574287,549.926208
2014-04-10,High,76.034286,561.910339
2014-04-10,Low,74.738571,536.947571
2014-04-11,High,74.690002,537.046997
2014-04-11,Low,73.877144,523.650696
2014-04-14,High,74.594284,541.124634
2014-04-14,Low,73.887146,526.664124
2014-04-15,High,74.519997,535.505493
2014-04-15,Low,73.047142,515.624817
2014-04-16,High,74.441429,553.954041
2014-04-16,Low,73.44857,537.046997
2014-04-17,High,75.394287,546.495056
2014-04-17,Low,74.171425,528.245422
2014-04-21,High,76.019997,533.765076
2014-04-21,Low,74.851425,522.725769
2014-04-22,High,75.975716,534.292175
2014-04-22,Low,75.214287,524.625305
2014-04-23,High,75.875717,530.950562
2014-04-23,Low,74.921425,523.372192
2014-04-24,High,81.428574,528.742676
2014-04-24,Low,80.104286,519.264832
2014-04-25,High,81.71286,521.830688
2014-04-25,Low,80.565712,512.60144
2014-04-28,High,85.10714,515.764038
2014-04-28,Low,81.792854,500.050446
2014-04-29,High,85.139999,526.564636
2014-04-29,Low,84.215714,513.496521
2014-04-30,High,85.632858,525.112671
2014-04-30,Low,84.257141,519.662598
2014-05-01,High,84.971428,530.015686
2014-05-01,Low,83.765717,521.015198
2014-05-02,High,84.885712,531.079834
2014-05-02,Low,84.244286,522.735718
2014-05-05,High,85.85714,526.007751
2014-05-05,Low,84.285713,518.469177
2014-05-06,High,86.344284,523.929138
2014-05-06,Low,84.915718,512.243408
2014-05-07,High,85.327141,513.854553
2014-05-07,Low,83.961426,500.547729
2014-05-08,High,84.915718,514.40155
2014-05-08,Low,83.771431,503.680481
2014-05-09,High,83.75,517.056946
2014-05-09,Low,82.904289,501.44281
2014-05-12,High,84.808571,527.290649
2014-05-12,Low,83.914284,516.171814
2014-05-13,High,84.934288,533.138489
2014-05-13,Low,84.385712,526.61438
2014-05-14,High,85.342857,530.085327
2014-05-14,Low,84.534286,522.41748
2014-05-15,High,85.228569,522.994324
2014-05-15,Low,84.005714,514.590515
2014-05-16,High,85.361427,518.946533
2014-05-16,Low,83.628571,512.621338
2014-05-19,High,86.761429,526.882935
2014-05-19,Low,85.332855,514.752625
2014-05-20,High,86.628571,533.297668
2014-05-20,Low,85.818573,523.421936
2014-05-21,High,86.671425,536.234497
2014-05-21,Low,86.008568,529.001282
2014-05-22,High,87.121429,544.605469
2014-05-22,Low,86.300003,537.822754
2014-05-23,High,87.818573,550.612427
2014-05-23,Low,86.638573,540.726807
2014-05-27,High,89.408569,562.904846
2014-05-27,Low,87.947144,551.318542
2014-05-28,High,89.975716,564.734802
2014-05-28,Low,89.111427,557.93219
2014-05-29,High,90.98143,560.915771
2014-05-29,Low,89.681427,555.654724
2014-05-30,High,92.024284,558.280273
2014-05-30,Low,89.842857,552.869995
2014-06-02,High,90.690002,557.832764
2014-06-02,Low,88.928574,542.745667
2014-06-03,High,91.248573,549.319519
2014-06-03,Low,89.75,539.583069
2014-06-04,High,92.555717,545.609924
2014-06-04,Low,90.872856,535.803833
2014-06-05,High,92.767143,551.915283
2014-06-05,Low,91.80143,541.472717
2014-06-06,High,93.03714,555.00824
2014-06-06,Low,92.067146,545.928223
2014-06-09,High,93.879997,559.821777
2014-06-09,Low,91.75,552.999329
2014-06-10,High,95.050003,560.517944
2014-06-10,Low,93.57,554.849121
2014-06-11,High,94.760002,556.818298
2014-06-11,Low,93.470001,551.984863
2014-06-12,High,94.120003,554.93866
2014-06-12,Low,91.900002,545.460754
2014-06-13,High,92.440002,549.279785
2014-06-13,Low,90.879997,542.576599
2014-06-16,High,92.75,546.614441
2014-06-16,Low,91.449997,538.558716
2014-06-17,High,92.699997,542.337952
2014-06-17,Low,91.800003,536.380676
2014-06-18,High,92.290001,550.532898
2014-06-18,Low,91.349998,541.025146
2014-06-19,High,92.300003,551.965027
2014-06-19,Low,91.339996,545.510498
2014-06-20,High,92.550003,554.530884
2014-06-20,Low,90.900002,547.382202
2014-06-23,High,91.620003,561.910339
2014-06-23,Low,90.599998,551.219116
2014-06-24,High,91.739998,569.514526
2014-06-24,Low,90.190002,557.942139
2014-06-25,High,90.699997,576.788513
2014-06-25,Low,89.650002,562.129089
2014-06-26,High,91.050003,579.264893
2014-06-26,Low,89.800003,568.722839
2014-06-27,High,92.0,576.698975
2014-06-27,Low,90.769997,570.66217
2014-06-30,High,93.730003,576.400635
2014-06-30,Low,92.089996,571.606995
2014-07-01,High,94.07,581.204224
2014-07-01,Low,93.129997,573.496582
2014-07-02,High,94.059998,582.238525
2014-07-02,Low,93.089996,577.216125
2014-07-03,High,94.099998,581.810913
2014-07-03,Low,93.199997,577.743286
2014-07-07,High,95.989998,583.223145
2014-07-07,Low,94.099998,576.420532
2014-07-08,High,96.800003,576.358887
2014-07-08,Low,93.919998,563.039124
2014-07-09,High,95.949997,573.566223
2014-07-09,Low,94.760002,566.26239
2014-07-10,High,95.550003,573.436951
2014-07-10,Low,93.519997,561.920288
2014-07-11,High,95.889999,577.673645
2014-07-11,Low,94.860001,568.295227
2014-07-14,High,96.889999,582.009827
2014-07-14,Low,95.650002,574.86908
2014-07-15,High,96.849998,582.601563
2014-07-15,Low,95.029999,573.407104
2014-07-16,High,97.099998,585.182373
2014-07-16,Low,94.739998,579.016235
2014-07-17,High,95.279999,577.812866
2014-07-17,Low,92.57,565.500549
2014-07-18,High,94.739998,593.536438
2014-07-18,Low,93.019997,578.817322
2014-07-21,High,95.0,591.149536
2014-07-21,Low,93.720001,582.032654
2014-07-22,High,94.889999,596.37085
2014-07-22,Low,94.120003,587.3703
2014-07-23,High,97.879997,594.580688
2014-07-23,Low,95.169998,589.259949
2014-07-24,High,97.32,596.22168
2014-07-24,Low,96.419998,588.533936
2014-07-25,High,97.839996,588.623413
2014-07-25,Low,96.639999,583.819824
2014-07-28,High,99.239998,589.259949
2014-07-28,Low,97.550003,581.555298
2014-07-29,High,99.440002,586.47522
2014-07-29,Low,98.25,580.324097
2014-07-30,High,98.699997,586.276367
2014-07-30,Low,97.669998,580.806396
2014-07-31,High,97.449997,580.458313
2014-07-31,Low,95.330002,566.882996
2014-08-01,High,96.620003,572.810364
2014-08-01,Low,94.809998,559.772095
2014-08-04,High,96.580002,572.203735
2014-08-04,Low,95.169998,561.015259
2014-08-05,High,95.68,568.852173
2014-08-05,Low,94.360001,559.533386
2014-08-06,High,95.480003,567.579163
2014-08-06,Low,94.709999,556.937683
2014-08-07,High,95.949997,566.77356
2014-08-07,Low,94.099998,558.031616
2014-08-08,High,94.82,567.131592
2014-08-08,Low,93.279999,557.285767
2014-08-11,High,96.080002,567.3703
2014-08-11,Low,94.839996,562.904846
2014-08-12,High,96.879997,562.80542
2014-08-12,Low,95.610001,557.812866
2014-08-13,High,97.239998,571.855652
2014-08-13,Low,96.040001,562.656189
2014-08-14,High,97.57,574.739746
2014-08-14,Low,96.800003,567.758179
2014-08-15,High,98.190002,576.21167
2014-08-15,Low,96.860001,567.400146
2014-08-18,High,99.370003,581.313599
2014-08-18,Low,97.980003,572.850159
2014-08-19,High,100.68,584.128174
2014-08-19,Low,99.32,580.806396
2014-08-20,High,101.089996,583.491638
2014-08-20,Low,99.949997,579.384216
2014-08-21,High,100.940002,581.30365
2014-08-21,Low,100.110001,577.962036
2014-08-22,High,101.470001,582.035645
2014-08-22,Low,100.190002,577.464783
2014-08-25,High,102.169998,581.800964
2014-08-25,Low,101.279999,575.83374
2014-08-26,High,101.5,578.618469
2014-08-26,Low,100.860001,573.427002
2014-08-27,High,102.57,575.326538
2014-08-27,Low,100.699997,566.985413
2014-08-28,High,102.779999,570.115173
2014-08-28,Low,101.559998,563.99884
2014-08-29,High,102.900002,568.911804
2014-08-29,Low,102.199997,563.968018
2014-09-02,High,103.739998,574.670166
2014-09-02,Low,102.720001,568.066467
2014-09-03,High,103.199997,579.801941
2014-09-03,Low,98.580002,571.855652
2014-09-04,High,100.089996,582.795471
2014-09-04,Low,97.790001,576.052551
2014-09-05,High,99.389999,583.342468
2014-09-05,Low,98.309998,578.767639
2014-09-08,High,99.309998,588.533936
2014-09-08,Low,98.050003,583.093811
2014-09-09,High,103.080002,585.779053
2014-09-09,Low,96.139999,576.828308
2014-09-10,High,101.110001,580.309143
2014-09-10,Low,97.760002,573.785034
2014-09-11,High,101.440002,578.628418
2014-09-11,Low,99.620003,573.108765
2014-09-12,High,102.190002,578.45929
2014-09-12,Low,101.080002,571.318604
2014-09-15,High,103.050003,571.805908
2014-09-15,Low,101.440002,565.102783
2014-09-16,High,101.260002,578.320068
2014-09-16,Low,98.889999,569.528442
2014-09-17,High,101.800003,584.30719
2014-09-17,Low,100.589996,575.609985
2014-09-18,High,102.349998,586.316101
2014-09-18,Low,101.559998,581.800964
2014-09-19,High,102.349998,593.21814
2014-09-19,Low,100.5,586.276367
2014-09-22,High,102.139999,590.700989
2014-09-22,Low,100.580002,580.269348
2014-09-23,High,102.940002,583.640808
2014-09-23,Low,100.540001,577.822815
2014-09-24,High,102.849998,586.40564
2014-09-24,Low,101.199997,577.345459
2014-09-25,High,100.709999,584.764648
2014-09-25,Low,97.720001,571.0401
2014-09-26,High,100.75,576.082397
2014-09-26,Low,98.400002,571.517517
2014-09-29,High,100.440002,575.028198
2014-09-29,Low,98.629997,568.04657
2014-09-30,High,101.540001,576.679138
2014-09-30,Low,100.529999,569.717407
2014-10-01,High,100.690002,574.421509
2014-10-01,Low,98.699997,563.909302
2014-10-02,High,100.220001,568.782532
2014-10-02,Low,98.040001,560.239502
2014-10-03,High,100.209999,574.068481
2014-10-03,Low,99.040001,569.369324
2014-10-06,High,100.650002,577.822815
2014-10-06,Low,99.419998,571.298706
2014-10-07,High,100.120003,572.124146
2014-10-07,Low,98.730003,560.657227
2014-10-08,High,101.110001,570.74176
2014-10-08,Low,98.309998,554.441406
2014-10-09,High,102.379997,568.364807
2014-10-09,Low,100.610001,556.002808
2014-10-10,High,102.029999,562.039612
2014-10-10,Low,100.300003,541.07489
2014-10-13,High,101.779999,546.495056
2014-10-13,Low,99.809998,530.184753
2014-10-14,High,100.519997,544.197693
2014-10-14,Low,98.57,530.254395
2014-10-15,High,99.150002,529.886414
2014-10-15,Low,95.18,515.465698
2014-10-16,High,97.720001,526.534851
2014-10-16,Low,95.410004,512.183716
2014-10-17,High,99.0,528.076355
2014-10-17,Low,96.809998,505.749115
2014-10-20,High,99.959999,518.906799
2014-10-20,Low,98.220001,505.321472
2014-10-21,High,103.019997,523.909241
2014-10-21,Low,101.269997,516.27124
2014-10-22,High,104.110001,536.848145
2014-10-22,Low,102.599998,525.908264
2014-10-23,High,105.050003,544.227539
2014-10-23,Low,103.629997,532.919739
2014-10-24,High,105.489998,541.90033
2014-10-24,Low,104.529999,532.860046
2014-10-27,High,105.480003,541.432922
2014-10-27,Low,104.699997,534.093262
2014-10-28,High,106.739998,545.977905
2014-10-28,Low,105.349998,538.658142
2014-10-29,High,107.370003,551.159424
2014-10-29,Low,106.360001,543.988831
2014-10-30,High,107.349998,549.777039
2014-10-30,Low,105.900002,540.537842
2014-10-31,High,108.040001,556.51001
2014-10-31,Low,107.209999,551.71637
2014-11-03,High,110.300003,554.849121
2014-11-03,Low,108.010002,550.204651
2014-11-04,High,109.489998,552.46228
2014-11-04,Low,107.720001,546.296143
2014-11-05,High,109.300003,553.755127
2014-11-05,Low,108.129997,541.07489
2014-11-06,High,108.790001,543.894348
2014-11-06,Low,107.800003,538.011719
2014-11-07,High,109.32,543.223083
2014-11-07,Low,108.550003,535.724304
2014-11-10,High,109.330002,546.584595
2014-11-10,Low,108.669998,538.061462
2014-11-11,High,109.75,548.921753
2014-11-11,Low,108.400002,543.312561
2014-11-12,High,111.43,547.449829
2014-11-12,Low,109.370003,542.188782
2014-11-13,High,113.449997,546.793457
2014-11-13,Low,111.599998,540.507996
2014-11-14,High,114.190002,543.690491
2014-11-14,Low,111.209999,539.185242
2014-11-17,High,117.279999,540.816284
2014-11-17,Low,113.300003,531.140503
2014-11-18,High,115.690002,538.97644
2014-11-18,Low,113.889999,531.248901
2014-11-19,High,115.739998,535.296631
2014-11-19,Low,113.800003,527.181274
2014-11-20,High,116.860001,532.183777
2014-11-20,Low,114.849998,528.175781
2014-11-21,High,117.57,539.175354
2014-11-21,Low,116.029999,533.625854
2014-11-24,High,118.769997,539.732239
2014-11-24,Low,116.620003,532.690979
2014-11-25,High,119.75,541.005249
2014-11-25,Low,117.449997,535.656677
2014-11-26,High,119.099998,538.588562
2014-11-26,Low,117.830002,534.105225
2014-11-28,High,119.400002,539.036072
2014-11-28,Low,118.050003,533.665649
2014-12-01,High,119.25,538.449341
2014-12-01,Low,111.269997,528.951538
2014-12-02,High,115.75,532.571655
2014-12-02,Low,112.75,526.902832
2014-12-03,High,116.349998,533.064941
2014-12-03,Low,115.110001,526.365784
2014-12-04,High,117.199997,534.40155
2014-12-04,Low,115.290001,525.699402
2014-12-05,High,116.080002,529.975891
2014-12-05,Low,114.639999,521.412964
2014-12-08,High,114.650002,528.096252
2014-12-08,Low,111.620003,520.925659
2014-12-09,High,114.300003,531.268799
2014-12-09,Low,109.349998,517.653687
2014-12-10,High,114.849998,533.397095
2014-12-10,Low,111.540001,522.685974
2014-12-11,High,113.800003,531.000305
2014-12-11,Low,111.339996,524.21759
2014-12-12,High,111.870003,525.609924
2014-12-12,Low,109.580002,515.82373
2014-12-15,High,111.599998,520.239441
2014-12-15,Low,106.349998,510.463196
2014-12-16,High,110.160004,510.244415
2014-12-16,Low,106.260002,486.325928
2014-12-17,High,109.839996,504.227478
2014-12-17,Low,106.82,494.093201
2014-12-18,High,112.650002,511.059906
2014-12-18,Low,110.660004,501.940063
2014-12-19,High,113.239998,514.888855
2014-12-19,Low,111.660004,504.138977
2014-12-22,High,113.489998,523.581055
2014-12-22,Low,111.970001,513.257813
2014-12-23,High,113.330002,531.63678
2014-12-23,Low,112.459999,523.411987
2014-12-24,High,112.709999,528.851074
2014-12-24,Low,112.010002,524.138
2014-12-26,High,114.519997,531.328491
2014-12-26,Low,112.010002,524.426392
2014-12-29,High,114.769997,532.551758
2014-12-29,Low,113.699997,527.112671
2014-12-30,High,113.919998,528.245422
2014-12-30,Low,112.110001,524.247375
2014-12-31,High,113.129997,529.6875
2014-12-31,Low,110.209999,522.924683
2015-01-02,High,111.440002,528.362366
2015-01-02,Low,107.349998,521.231628
2015-01-05,High,108.650002,521.460388
2015-01-05,Low,105.410004,510.252045
2015-01-06,High,107.43,513.350037
2015-01-06,Low,104.629997,498.3078
2015-01-07,High,108.199997,504.467896
2015-01-07,Low,106.699997,496.915436
2015-01-08,High,112.150002,500.724487
2015-01-08,Low,108.699997,488.312805
2015-01-09,High,113.25,502.156616
2015-01-09,Low,110.209999,492.082062
2015-01-12,High,112.629997,493.261566
2015-01-12,Low,108.800003,484.891632
2015-01-13,High,112.800003,500.227234
2015-01-13,Low,108.910004,489.69519
2015-01-14,High,110.489998,500.475861
2015-01-14,Low,108.5,490.301849
2015-01-15,High,110.059998,502.912445
2015-01-15,Low,106.660004,495.035797
2015-01-16,High,107.580002,505.408722
2015-01-16,Low,105.199997,497.263519
2015-01-20,High,108.970001,509.695129
2015-01-20,Low,106.5,503.246613
2015-01-21,High,111.059998,516.437988
2015-01-21,Low,108.269997,503.429596
2015-01-22,High,112.470001,533.394714
2015-01-22,Low,109.720001,516.855713
2015-01-23,High,113.75,539.202759
2015-01-23,Low,111.529999,530.082947
2015-01-26,High,114.360001,536.05011
2015-01-26,Low,112.800003,526.771179
2015-01-27,High,112.480003,527.795532
2015-01-27,Low,109.029999,515.354004
2015-01-28,High,118.120003,520.127686
2015-01-28,Low,115.309998,507.208801
2015-01-29,High,119.190002,508.292847
2015-01-29,Low,115.559998,498.45697
2015-01-30,High,120.0,536.915344
2015-01-30,Low,116.849998,512.698608
2015-02-02,High,119.169998,530.082947
2015-02-02,Low,116.080002,515.712036
2015-02-03,High,119.089996,530.480713
2015-02-03,Low,117.610001,520.39624
2015-02-04,High,120.510002,529.756714
2015-02-04,Low,118.309998,518.417114
2015-02-05,High,120.230003,525.607544
2015-02-05,Low,119.25,519.232666
2015-02-06,High,120.25,534.259949
2015-02-06,Low,118.449997,523.528992
2015-02-09,High,119.839996,529.088379
2015-02-09,Low,118.43,523.141113
2015-02-10,High,122.150002,534.757202
2015-02-10,Low,120.160004,524.036194
2015-02-11,High,124.919998,535.503113
2015-02-11,Low,122.5,530.458862
2015-02-12,High,127.480003,541.838257
2015-02-12,Low,125.57,531.746765
2015-02-13,High,127.279999,546.900391
2015-02-13,Low,125.650002,540.157471
2015-02-17,High,128.880005,546.989868
2015-02-17,Low,126.919998,538.128662
2015-02-18,High,128.779999,542.504578
2015-02-18,Low,127.449997,534.568237
2015-02-19,High,129.029999,540.140015
2015-02-19,Low,128.330002,535.067932
2015-02-20,High,129.5,540.774109
2015-02-20,Low,128.050003,532.867615
2015-02-23,High,133.0,533.503113
2015-02-23,Low,129.660004,526.512573
2015-02-24,High,133.600006,533.852173
2015-02-24,Low,131.169998,525.358948
2015-02-25,High,131.600006,543.230591
2015-02-25,Low,128.149994,532.514526
2015-02-26,High,130.869995,553.096313
2015-02-26,Low,126.610001,538.536377
2015-02-27,High,130.570007,561.619385
2015-02-27,Low,128.240005,549.874023
2015-03-02,High,130.279999,569.018677
2015-03-02,Low,128.300003,555.692017
2015-03-03,High,129.520004,572.240906
2015-03-03,Low,128.089996,563.419495
2015-03-04,High,129.559998,573.951538
2015-03-04,Low,128.320007,564.901306
2015-03-05,High,128.75,574.747131
2015-03-05,Low,125.760002,570.27179
2015-03-06,High,129.369995,573.523865
2015-03-06,Low,126.260002,563.658142
2015-03-09,High,129.570007,567.148926
2015-03-09,Low,125.059998,560.450806
2015-03-10,High,127.220001,561.758606
2015-03-10,Low,123.800003,551.694031
2015-03-11,High,124.769997,555.085327
2015-03-11,Low,122.110001,547.666138
2015-03-12,High,124.900002,553.325012
2015-03-12,Low,121.629997,547.447388
2015-03-13,High,125.400002,555.343933
2015-03-13,Low,122.580002,541.241516
2015-03-16,High,124.949997,553.802368
2015-03-16,Low,122.870003,543.01178
2015-03-17,High,127.32,550.769104
2015-03-17,Low,125.650002,545.000854
2015-03-18,High,129.160004,556.71637
2015-03-18,Low,126.370003,544.006287
2015-03-19,High,129.25,557.730774
2015-03-19,Low,127.400002,553.101257
2015-03-20,High,128.399994,558.645752
2015-03-20,Low,125.160004,555.990356
2015-03-23,High,127.849998,559.282227
2015-03-23,Low,126.519997,552.787964
2015-03-24,High,128.039993,571.445313
2015-03-24,Low,126.559998,558.13855
2015-03-25,High,126.82,569.128052
2015-03-25,Low,123.379997,555.682068
2015-03-26,High,124.879997,555.841187
2015-03-26,Low,122.599998,547.636353
2015-03-27,High,124.699997,552.240967
2015-03-27,Low,122.910004,545.130127
2015-03-30,High,126.400002,550.440918
2015-03-30,Low,124.0,545.169922
2015-03-31,High,126.489998,551.674133
2015-03-31,Low,124.360001,543.727844
2015-04-01,High,125.120003,548.123657
2015-04-01,Low,123.099998,536.547363
2015-04-02,High,125.559998,537.889954
2015-04-02,Low,124.190002,530.925293
2015-04-06,High,127.510002,535.463318
2015-04-06,Low,124.330002,526.671692
2015-04-07,High,128.119995,539.71991
2015-04-07,Low,125.980003,533.066528
2015-04-08,High,126.400002,540.873535
2015-04-08,Low,124.970001,535.433472
2015-04-09,High,126.580002,538.983948
2015-04-09,Low,124.660004,532.559326
2015-04-10,High,127.209999,539.322083
2015-04-10,Low,125.260002,534.369324
2015-04-13,High,128.570007,541.082397
2015-04-13,Low,126.610001,534.369324
2015-04-14,High,127.290001,534.62793
2015-04-14,Low,125.910004,525.201782
2015-04-15,High,127.129997,531.805847
2015-04-15,Low,126.010002,520.358765
2015-04-16,High,127.099998,532.658752
2015-04-16,Low,126.110001,526.711487
2015-04-17,High,126.139999,526.940247
2015-04-17,Low,124.459999,518.158569
2015-04-20,High,128.119995,533.156006
2015-04-20,Low,125.169998,521.629456
2015-04-21,High,128.199997,536.440369
2015-04-21,Low,126.669998,530.756592
2015-04-22,High,128.869995,538.118713
2015-04-22,Low,126.32,528.839783
2015-04-23,High,130.419998,547.944641
2015-04-23,Low,128.139999,537.273376
2015-04-24,High,130.630005,568.01416
2015-04-24,Low,129.229996,554.200195
2015-04-27,High,133.130005,565.950012
2015-04-27,Low,131.149994,553.200012
2015-04-28,High,134.539993,556.02002
2015-04-28,Low,129.570007,550.366028
2015-04-29,High,131.589996,553.679993
2015-04-29,Low,128.300003,546.905029
2015-04-30,High,128.639999,548.590027
2015-04-30,Low,124.580002,535.049988
2015-05-01,High,130.130005,539.539978
2015-05-01,Low,125.300003,532.099976
2015-05-04,High,130.570007,544.070007
2015-05-04,Low,128.259995,535.059998
2015-05-05,High,128.449997,539.73999
2015-05-05,Low,125.779999,530.390991
2015-05-06,High,126.75,532.380005
2015-05-06,Low,123.360001,521.085022
2015-05-07,High,126.080002,533.460022
2015-05-07,Low,124.019997,521.75
2015-05-08,High,127.620003,541.150024
2015-05-08,Low,126.110001,525.0
2015-05-11,High,127.559998,541.97998
2015-05-11,Low,125.629997,535.400024
2015-05-12,High,126.879997,533.208984
2015-05-12,Low,124.82,525.26001
2015-05-13,High,127.190002,534.322021
2015-05-13,Low,125.870003,528.655029
2015-05-14,High,128.949997,539.0
2015-05-14,Low,127.160004,532.409973
2015-05-15,High,129.490005,539.273987
2015-05-15,Low,128.210007,530.380005
2015-05-18,High,130.720001,534.820007
2015-05-18,Low,128.360001,528.849976
2015-05-19,High,130.880005,540.659973
2015-05-19,Low,129.639999,533.039978
2015-05-20,High,130.979996,542.919983
2015-05-20,Low,129.339996,532.971985
2015-05-21,High,131.630005,543.840027
2015-05-21,Low,129.830002,535.97998
2015-05-22,High,132.970001,544.190002
2015-05-22,Low,131.399994,539.51001
2015-05-26,High,132.910004,539.0
2015-05-26,Low,129.119995,529.880005
2015-05-27,High,132.259995,540.549988
2015-05-27,Low,130.050003,531.710022
2015-05-28,High,131.949997,540.609985
2015-05-28,Low,131.100006,536.25
2015-05-29,High,131.449997,538.630005
2015-05-29,Low,129.899994,531.450012
2015-06-01,High,131.389999,536.789978
2015-06-01,Low,130.050003,529.76001
2015-06-02,High,130.660004,543.0
2015-06-02,Low,129.320007,531.330017
2015-06-03,High,130.940002,543.5
2015-06-03,Low,129.899994,537.109985
2015-06-04,High,130.580002,540.590027
2015-06-04,Low,128.910004,534.320007
2015-06-05,High,129.690002,537.200012
2015-06-05,Low,128.360001,532.52002
2015-06-08,High,129.210007,534.119995
2015-06-08,Low,126.830002,526.23999
2015-06-09,High,128.080002,529.200012
2015-06-09,Low,125.620003,523.01001
2015-06-10,High,129.339996,538.359985
2015-06-10,Low,127.849998,529.349976
2015-06-11,High,130.179993,538.97998
2015-06-11,Low,128.479996,533.02002
2015-06-12,High,128.330002,533.119995
2015-06-12,Low,127.110001,530.159973
2015-06-15,High,127.239998,528.299988
2015-06-15,Low,125.709999,524.0
2015-06-16,High,127.849998,529.640015
2015-06-16,Low,126.370003,525.559998
2015-06-17,High,127.879997,530.97998
2015-06-17,Low,126.739998,525.099976
2015-06-18,High,128.309998,538.150024
2015-06-18,Low,127.220001,530.789978
2015-06-19,High,127.82,538.25
2015-06-19,Low,126.400002,533.01001
2015-06-22,High,128.059998,543.73999
2015-06-22,Low,127.080002,537.530029
2015-06-23,High,127.610001,541.499023
2015-06-23,Low,126.879997,535.25
2015-06-24,High,129.800003,540.0
2015-06-24,Low,127.120003,535.659973
2015-06-25,High,129.199997,540.900024
2015-06-25,Low,127.5,535.22998
2015-06-26,High,127.989998,537.76001
2015-06-26,Low,126.510002,531.349976
2015-06-29,High,126.470001,528.609985
2015-06-29,Low,124.480003,520.539978
2015-06-30,High,126.120003,526.25
2015-06-30,Low,124.860001,520.5
2015-07-01,High,126.940002,525.690002
2015-07-01,Low,125.989998,518.22998
2015-07-02,High,126.690002,524.650024
2015-07-02,Low,125.769997,521.080017
2015-07-06,High,126.230003,525.25
2015-07-06,Low,124.849998,519.0
2015-07-07,High,126.150002,526.179993
2015-07-07,Low,123.769997,515.179993
2015-07-08,High,124.639999,522.734009
2015-07-08,Low,122.540001,516.109985
2015-07-09,High,124.059998,523.77002
2015-07-09,Low,119.220001,520.349976
2015-07-10,High,123.849998,532.559998
2015-07-10,Low,121.209999,525.549988
2015-07-13,High,125.760002,547.109985
2015-07-13,Low,124.32,532.400024
2015-07-14,High,126.370003,565.848999
2015-07-14,Low,125.040001,546.710022
2015-07-15,High,127.150002,566.502991
2015-07-15,Low,125.580002,556.789978
2015-07-16,High,128.570007,580.679993
2015-07-16,Low,127.349998,565.0
2015-07-17,High,129.619995,674.468018
2015-07-17,Low,128.309998,645.0
2015-07-20,High,132.970001,668.880005
2015-07-20,Low,130.699997,653.01001
2015-07-21,High,132.919998,673.0
2015-07-21,Low,130.320007,654.299988
2015-07-22,High,125.5,678.640015
2015-07-22,Low,121.989998,659.0
2015-07-23,High,127.089996,663.630005
2015-07-23,Low,125.059998,641.0
2015-07-24,High,125.739998,648.169983
2015-07-24,Low,123.900002,622.52002
2015-07-27,High,123.610001,634.299988
2015-07-27,Low,122.120003,620.5
2015-07-28,High,123.910004,632.830017
2015-07-28,Low,122.550003,623.309998
2015-07-29,High,123.5,633.359985
2015-07-29,Low,122.269997,622.650024
2015-07-30,High,122.57,635.219971
2015-07-30,Low,121.709999,622.049988
2015-07-31,High,122.639999,632.909973
2015-07-31,Low,120.910004,625.5
2015-08-03,High,122.57,633.05603
2015-08-03,Low,117.519997,625.340027
2015-08-04,High,117.699997,634.809998
2015-08-04,Low,113.25,627.159973
2015-08-05,High,117.440002,647.859985
2015-08-05,Low,112.099998,633.159973
2015-08-06,High,116.5,645.379028
2015-08-06,Low,114.120003,632.25
2015-08-07,High,116.25,642.679993
2015-08-07,Low,114.5,629.710022
2015-08-10,High,119.989998,643.440002
2015-08-10,Low,116.529999,631.249023
2015-08-11,High,118.18,674.900024
2015-08-11,Low,113.330002,654.27002
2015-08-12,High,115.419998,665.0
2015-08-12,Low,109.629997,652.289978
2015-08-13,High,116.400002,664.5
2015-08-13,Low,114.540001,651.661011
2015-08-14,High,116.309998,659.85498
2015-08-14,Low,114.010002,652.659973
2015-08-17,High,117.650002,661.380005
2015-08-17,Low,115.5,651.23999
2015-08-18,High,117.440002,664.0
2015-08-18,Low,116.010002,653.460022
2015-08-19,High,116.519997,667.0
2015-08-19,Low,114.68,654.190002
2015-08-20,High,114.349998,662.98999
2015-08-20,Low,111.629997,642.900024
2015-08-21,High,111.900002,640.049988
2015-08-21,Low,105.650002,612.330017
2015-08-24,High,108.800003,599.330017
2015-08-24,Low,92.0,565.049988
2015-08-25,High,111.110001,617.450012
2015-08-25,Low,103.5,581.109985
2015-08-26,High,109.889999,631.710022
2015-08-26,Low,105.050003,599.049988
2015-08-27,High,113.239998,643.590027
2015-08-27,Low,110.019997,622.0
2015-08-28,High,113.309998,636.880005
2015-08-28,Low,111.540001,624.559998
2015-08-31,High,114.529999,635.799988
2015-08-31,Low,112.0,617.679993
2015-09-01,High,111.879997,612.859985
2015-09-01,Low,107.360001,594.099976
2015-09-02,High,112.339996,614.340027
2015-09-02,Low,109.129997,599.710022
2015-09-03,High,112.779999,619.710022
2015-09-03,Low,110.040001,602.820984
2015-09-04,High,110.449997,603.469971
2015-09-04,Low,108.510002,595.25
2015-09-08,High,112.559998,616.309998
2015-09-08,Low,110.32,604.119995
2015-09-09,High,114.019997,626.52002
2015-09-09,Low,109.769997,609.599976
2015-09-10,High,113.279999,624.159973
2015-09-10,Low,109.900002,611.429993
2015-09-11,High,114.209999,625.780029
2015-09-11,Low,111.760002,617.419983
2015-09-14,High,116.889999,625.859985
2015-09-14,Low,114.860001,619.429993
2015-09-15,High,116.529999,638.700012
2015-09-15,Low,114.419998,623.780029
2015-09-16,High,116.540001,637.950012
2015-09-16,Low,115.440002,632.320007
2015-09-17,High,116.489998,650.900024
2015-09-17,Low,113.720001,635.02002
2015-09-18,High,114.300003,640.0
2015-09-18,Low,111.870003,627.02002
2015-09-21,High,115.370003,636.48999
2015-09-21,Low,113.660004,625.940002
2015-09-22,High,114.18,627.549988
2015-09-22,Low,112.519997,615.429993
2015-09-23,High,114.720001,628.929993
2015-09-23,Low,113.300003,620.0
2015-09-24,High,115.5,627.320007
2015-09-24,Low,112.370003,612.400024
2015-09-25,High,116.690002,629.77002
2015-09-25,Low,114.019997,611.0
2015-09-28,High,114.57,614.60498
2015-09-28,Low,112.440002,589.380005
2015-09-29,High,113.510002,605.0
2015-09-29,Low,107.860001,590.219971
2015-09-30,High,111.540001,608.76001
2015-09-30,Low,108.730003,600.72998
2015-10-01,High,109.620003,612.090027
2015-10-01,Low,107.309998,599.849976
2015-10-02,High,111.010002,627.340027
2015-10-02,Low,107.550003,603.130005
2015-10-05,High,111.370003,643.01001
2015-10-05,Low,109.07,627.0
2015-10-06,High,111.739998,649.25
2015-10-06,Low,109.769997,636.530029
2015-10-07,High,111.769997,650.609009
2015-10-07,Low,109.410004,632.150024
2015-10-08,High,110.190002,644.450012
2015-10-08,Low,108.209999,625.559998
2015-10-09,High,112.279999,645.98999
2015-10-09,Low,109.489998,635.317993
2015-10-12,High,112.75,648.5
2015-10-12,Low,111.440002,639.01001
2015-10-13,High,112.449997,657.812012
2015-10-13,Low,110.68,643.150024
2015-10-14,High,111.519997,659.390015
2015-10-14,Low,109.559998,648.849976
2015-10-15,High,112.099998,663.130005
2015-10-15,Low,110.489998,654.460022
2015-10-16,High,112.0,664.969971
2015-10-16,Low,110.529999,657.200012
2015-10-19,High,111.75,666.820007
2015-10-19,Low,110.110001,659.580017
2015-10-20,High,114.169998,664.719971
2015-10-20,Low,110.82,644.195007
2015-10-21,High,115.580002,655.869995
2015-10-21,Low,113.699997,641.72998
2015-10-22,High,115.5,657.799988
2015-10-22,Low,114.099998,644.01001
2015-10-23,High,119.230003,730.0
2015-10-23,Low,116.330002,701.5
2015-10-26,High,118.129997,719.150024
2015-10-26,Low,114.919998,701.26001
2015-10-27,High,116.540001,713.619995
2015-10-27,Low,113.989998,704.549988
2015-10-28,High,119.300003,712.97998
2015-10-28,Low,116.059998,703.080017
2015-10-29,High,120.690002,718.26001
2015-10-29,Low,118.269997,710.01001
2015-10-30,High,121.220001,718.0
2015-10-30,Low,119.449997,710.049988
2015-11-02,High,121.360001,721.619995
2015-11-02,Low,119.610001,705.849976
2015-11-03,High,123.489998,724.650024
2015-11-03,Low,120.699997,714.719971
2015-11-04,High,123.82,733.099976
2015-11-04,Low,121.620003,721.900024
2015-11-05,High,122.690002,739.47998
2015-11-05,Low,120.18,729.469971
2015-11-06,High,121.809998,735.409973
2015-11-06,Low,120.620003,727.01001
2015-11-09,High,121.809998,734.710022
2015-11-09,Low,120.050003,719.429993
2015-11-10,High,118.07,730.590027
2015-11-10,Low,116.059998,718.5
2015-11-11,High,117.419998,741.0
2015-11-11,Low,115.209999,730.22998
2015-11-12,High,116.82,737.799988
2015-11-12,Low,115.650002,728.64502
2015-11-13,High,115.57,731.150024
2015-11-13,Low,112.269997,716.72998
2015-11-16,High,114.239998,729.48999
2015-11-16,Low,111.0,711.330017
2015-11-17,High,115.050003,731.844971
2015-11-17,Low,113.32,723.026978
2015-11-18,High,117.489998,741.409973
2015-11-18,Low,115.5,727.0
2015-11-19,High,119.75,742.0
2015-11-19,Low,116.760002,737.429993
2015-11-20,High,119.919998,757.919983
2015-11-20,Low,118.849998,743.0
2015-11-23,High,119.730003,762.708008
2015-11-23,Low,117.339996,751.820007
2015-11-24,High,119.349998,755.278992
2015-11-24,Low,117.120003,737.630005
2015-11-25,High,119.230003,752.0
2015-11-25,Low,117.919998,746.059998
2015-11-27,High,118.410004,753.409973
2015-11-27,Low,117.599998,747.48999
2015-11-30,High,119.410004,754.929993
2015-11-30,Low,117.75,741.27002
2015-12-01,High,118.809998,768.950012
2015-12-01,Low,116.860001,746.700012
2015-12-02,High,118.110001,775.955017
2015-12-02,Low,116.080002,758.960022
2015-12-03,High,116.790001,768.994995
2015-12-03,Low,114.220001,745.630005
2015-12-04,High,119.25,768.48999
2015-12-04,Low,115.110001,750.0
2015-12-07,High,119.860001,768.72998
2015-12-07,Low,117.809998,755.090027
2015-12-08,High,118.599998,764.799988
2015-12-08,Low,116.860001,754.200012
2015-12-09,High,117.690002,764.22998
2015-12-09,Low,115.080002,737.000977
2015-12-10,High,116.940002,755.849976
2015-12-10,Low,115.510002,743.830017
2015-12-11,High,115.389999,745.710022
2015-12-11,Low,112.849998,736.75
2015-12-14,High,112.68,748.72998
2015-12-14,Low,109.790001,724.169983
2015-12-15,High,112.800003,758.080017
2015-12-15,Low,110.349998,743.01001
2015-12-16,High,111.989998,760.590027
2015-12-16,Low,108.800003,739.434998
2015-12-17,High,112.25,762.679993
2015-12-17,Low,108.980003,749.0
2015-12-18,High,109.519997,754.130005
2015-12-18,Low,105.809998,738.150024
2015-12-21,High,107.370003,750.0
2015-12-21,Low,105.57,740.0
2015-12-22,High,107.720001,754.849976
2015-12-22,Low,106.449997,745.530029
2015-12-23,High,108.849998,754.210022
2015-12-23,Low,107.199997,744.0
2015-12-24,High,109.0,751.349976
2015-12-24,Low,107.949997,746.619995
2015-12-28,High,107.690002,762.98999
2015-12-28,Low,106.18,749.52002
2015-12-29,High,109.43,779.97998
2015-12-29,Low,106.860001,766.429993
2015-12-30,High,108.699997,777.599976
2015-12-30,Low,107.18,766.900024
2015-12-31,High,107.029999,769.5
2015-12-31,Low,104.82,758.340027
2016-01-04,High,105.370003,744.059998
2016-01-04,Low,102.0,731.257996
2016-01-05,High,105.849998,752.0
2016-01-05,Low,102.410004,738.640015
2016-01-06,High,102.370003,747.179993
2016-01-06,Low,99.870003,728.919983
2016-01-07,High,100.129997,738.5
2016-01-07,Low,96.43,719.059998
2016-01-08,High,99.110001,733.22998
2016-01-08,Low,96.760002,713.0
2016-01-11,High,99.059998,718.85498
2016-01-11,Low,97.339996,703.539978
2016-01-12,High,100.690002,728.75
2016-01-12,Low,98.839996,717.317017
2016-01-13,High,101.190002,734.73999
2016-01-13,Low,97.300003,698.609985
2016-01-14,High,100.480003,721.924988
2016-01-14,Low,95.739998,689.099976
2016-01-15,High,97.709999,706.73999
2016-01-15,Low,95.360001,685.369995
2016-01-19,High,98.650002,709.97998
2016-01-19,Low,95.5,693.409973
2016-01-20,High,98.190002,706.849976
2016-01-20,Low,93.419998,673.26001
2016-01-21,High,97.879997,719.190002
2016-01-21,Low,94.940002,694.460022
2016-01-22,High,101.459999,728.130005
2016-01-22,Low,98.370003,720.120972
2016-01-25,High,101.529999,729.679993
2016-01-25,Low,99.209999,710.01001
2016-01-26,High,100.879997,718.280029
2016-01-26,Low,98.07,706.47998
2016-01-27,High,96.629997,718.234985
2016-01-27,Low,93.339996,694.390015
2016-01-28,High,94.519997,733.690002
2016-01-28,Low,92.389999,712.349976
2016-01-29,High,97.339996,744.98999
2016-01-29,Low,94.349998,726.799988
2016-02-01,High,96.709999,757.859985
2016-02-01,Low,95.400002,743.27002
2016-02-02,High,96.040001,789.869995
2016-02-02,Low,94.279999,764.650024
2016-02-03,High,96.839996,774.5
2016-02-03,Low,94.080002,720.5
2016-02-04,High,97.330002,727.0
2016-02-04,Low,95.190002,701.859985
2016-02-05,High,96.919998,703.98999
2016-02-05,Low,93.690002,680.150024
2016-02-08,High,95.699997,684.030029
2016-02-08,Low,93.040001,663.059998
2016-02-09,High,95.940002,699.900024
2016-02-09,Low,93.93,668.77002
2016-02-10,High,96.349998,701.309998
2016-02-10,Low,94.099998,682.130005
2016-02-11,High,94.720001,689.349976
2016-02-11,Low,92.589996,668.867981
2016-02-12,High,94.5,693.75
2016-02-12,Low,93.010002,678.599976
2016-02-16,High,96.849998,698.0
2016-02-16,Low,94.610001,685.049988
2016-02-17,High,98.209999,709.75
2016-02-17,Low,96.150002,691.380005
2016-02-18,High,98.889999,712.349976
2016-02-18,Low,96.089996,696.030029
2016-02-19,High,96.760002,703.080994
2016-02-19,Low,95.800003,694.049988
2016-02-22,High,96.900002,713.23999
2016-02-22,Low,95.919998,702.51001
2016-02-23,High,96.5,708.400024
2016-02-23,Low,94.550003,693.580017
2016-02-24,High,96.379997,700.0
2016-02-24,Low,93.32,680.780029
2016-02-25,High,96.760002,705.97998
2016-02-25,Low,95.25,690.585022
2016-02-26,High,98.019997,713.429993
2016-02-26,Low,96.580002,700.859985
2016-02-29,High,98.230003,710.890015
2016-02-29,Low,96.650002,697.679993
2016-03-01,High,100.769997,718.809998
2016-03-01,Low,97.419998,699.77002
2016-03-02,High,100.889999,720.0
2016-03-02,Low,99.639999,712.0
2016-03-03,High,101.709999,719.450012
2016-03-03,Low,100.449997,706.02002
2016-03-04,High,103.75,716.48999
2016-03-04,Low,101.370003,706.02002
2016-03-07,High,102.830002,708.091003
2016-03-07,Low,100.959999,686.900024
2016-03-08,High,101.760002,703.789978
2016-03-08,Low,100.400002,685.340027
2016-03-09,High,101.580002,705.679993
2016-03-09,Low,100.269997,694.0
2016-03-10,High,102.239998,716.440002
2016-03-10,Low,100.150002,703.359985
2016-03-11,High,102.279999,726.919983
2016-03-11,Low,101.5,717.125
2016-03-14,High,102.910004,735.5
2016-03-14,Low,101.779999,725.150024
2016-03-15,High,105.18,732.289978
2016-03-15,Low,103.849998,724.77002
2016-03-16,High,106.309998,737.469971
2016-03-16,Low,104.589996,724.51001
2016-03-17,High,106.470001,743.070007
2016-03-17,Low,104.959999,736.0
2016-03-18,High,106.5,742.0
2016-03-18,Low,105.190002,731.830017
2016-03-21,High,107.650002,742.5
2016-03-21,Low,105.139999,733.515991
2016-03-22,High,107.290001,745.0
2016-03-22,Low,105.209999,737.460022
2016-03-23,High,107.07,745.719971
2016-03-23,Low,105.900002,736.150024
2016-03-24,High,106.25,737.747009
2016-03-24,Low,104.889999,731.0
2016-03-28,High,106.190002,738.98999
2016-03-28,Low,105.059998,732.5
2016-03-29,High,107.790001,747.25
2016-03-29,Low,104.879997,728.76001
2016-03-30,High,110.419998,757.880005
2016-03-30,Low,108.599998,748.73999
2016-03-31,High,109.900002,750.849976
2016-03-31,Low,108.879997,740.940002
2016-04-01,High,110.0,750.340027
2016-04-01,Low,108.199997,737.0
2016-04-04,High,112.190002,752.799988
2016-04-04,Low,110.269997,742.429993
2016-04-05,High,110.730003,742.799988
2016-04-05,Low,109.419998,735.369995
2016-04-06,High,110.980003,746.23999
2016-04-06,Low,109.199997,735.559998
2016-04-07,High,110.419998,747.0
2016-04-07,Low,108.120003,736.280029
2016-04-08,High,109.769997,745.450012
2016-04-08,Low,108.169998,735.549988
2016-04-11,High,110.610001,745.0
2016-04-11,Low,108.830002,736.049988
2016-04-12,High,110.5,743.830017
2016-04-12,Low,108.660004,731.01001
2016-04-13,High,112.339996,754.380005
2016-04-13,Low,110.800003,744.260986
2016-04-14,High,112.389999,757.309998
2016-04-14,Low,111.330002,752.705017
2016-04-15,High,112.300003,761.0
2016-04-15,Low,109.730003,752.69397
2016-04-18,High,108.949997,768.049988
2016-04-18,Low,106.940002,757.299988
2016-04-19,High,108.0,769.900024
2016-04-19,Low,106.230003,749.330017
2016-04-20,High,108.089996,758.132019
2016-04-20,Low,106.059998,750.01001
2016-04-21,High,106.93,760.450012
2016-04-21,Low,105.519997,749.549988
2016-04-22,High,106.480003,736.119995
2016-04-22,Low,104.620003,713.609985
2016-04-25,High,105.650002,723.929993
2016-04-25,Low,104.510002,715.590027
2016-04-26,High,105.300003,725.765991
2016-04-26,Low,103.910004,703.026001
2016-04-27,High,98.709999,708.97998
2016-04-27,Low,95.68,692.36499
2016-04-28,High,97.879997,714.169983
2016-04-28,Low,94.25,689.549988
2016-04-29,High,94.720001,697.619995
2016-04-29,Low,92.510002,689.0
2016-05-02,High,94.080002,700.640015
2016-05-02,Low,92.400002,691.0
2016-05-03,High,95.739998,697.840027
2016-05-03,Low,93.68,692.0
2016-05-04,High,95.900002,699.75
2016-05-04,Low,93.82,689.01001
2016-05-05,High,94.07,702.320007
2016-05-05,Low,92.68,695.719971
2016-05-06,High,93.449997,711.859985
2016-05-06,Low,91.849998,698.106995
2016-05-09,High,93.769997,718.710022
2016-05-09,Low,92.589996,710.0
2016-05-10,High,93.57,723.5
2016-05-10,Low,92.110001,715.719971
2016-05-11,High,93.57,724.47998
2016-05-11,Low,92.459999,712.799988
2016-05-12,High,92.779999,719.25
2016-05-12,Low,89.470001,709.0
2016-05-13,High,91.669998,716.661987
2016-05-13,Low,90.0,709.26001
2016-05-16,High,94.389999,718.47998
2016-05-16,Low,91.650002,705.650024
2016-05-17,High,94.699997,721.52002
2016-05-17,Low,93.010002,704.109985
2016-05-18,High,95.209999,711.599976
2016-05-18,Low,93.889999,700.630005
2016-05-19,High,94.639999,706.0
2016-05-19,Low,93.57,696.799988
2016-05-20,High,95.43,714.580017
2016-05-20,Low,94.519997,700.52002
2016-05-23,High,97.190002,711.478027
2016-05-23,Low,95.669998,704.179993
2016-05-24,High,98.089996,720.969971
2016-05-24,Low,96.839996,706.859985
2016-05-25,High,99.739998,727.51001
2016-05-25,Low,98.110001,719.705017
2016-05-26,High,100.730003,728.330017
2016-05-26,Low,98.639999,720.280029
2016-05-27,High,100.470001,733.935974
2016-05-27,Low,99.25,724.0
2016-05-31,High,100.400002,739.72998
2016-05-31,Low,98.82,731.26001
2016-06-01,High,99.540001,737.210022
2016-06-01,Low,98.330002,730.659973
2016-06-02,High,97.839996,733.02002
2016-06-02,Low,96.629997,724.169983
2016-06-03,High,98.269997,729.48999
2016-06-03,Low,97.449997,720.559998
2016-06-06,High,101.889999,724.909973
2016-06-06,Low,97.550003,714.609985
2016-06-07,High,99.870003,721.97998
2016-06-07,Low,98.959999,716.549988
2016-06-08,High,99.559998,728.570007
2016-06-08,Low,98.68,720.580017
2016-06-09,High,99.989998,729.539978
2016-06-09,Low,98.459999,722.335999
2016-06-10,High,99.349998,725.890015
2016-06-10,Low,98.480003,716.429993
2016-06-13,High,99.120003,725.440002
2016-06-13,Low,97.099998,716.51001
2016-06-14,High,98.480003,722.469971
2016-06-14,Low,96.75,713.119995
2016-06-15,High,98.410004,722.97998
2016-06-15,Low,97.029999,717.309998
2016-06-16,High,97.75,716.650024
2016-06-16,Low,96.07,703.26001
2016-06-17,High,96.650002,708.820007
2016-06-17,Low,95.300003,688.452026
2016-06-20,High,96.57,702.47998
2016-06-20,Low,95.029999,693.409973
2016-06-21,High,96.349998,702.77002
2016-06-21,Low,94.68,692.01001
2016-06-22,High,96.889999,700.859985
2016-06-22,Low,95.349998,693.08197
2016-06-23,High,96.290001,701.950012
2016-06-23,Low,95.25,687.0
2016-06-24,High,94.660004,689.400024
2016-06-24,Low,92.650002,673.450012
2016-06-27,High,93.050003,672.299988
2016-06-27,Low,91.5,663.283997
2016-06-28,High,93.660004,680.330017
2016-06-28,Low,92.139999,673.0
2016-06-29,High,94.550003,687.429016
2016-06-29,Low,93.629997,681.409973
2016-06-30,High,95.769997,692.320007
2016-06-30,Low,94.300003,683.650024
2016-07-01,High,96.470001,700.650024
2016-07-01,Low,95.330002,692.130005
2016-07-05,High,95.400002,696.940002
2016-07-05,Low,94.459999,688.880005
2016-07-06,High,95.660004,701.679993
2016-07-06,Low,94.370003,689.090027
2016-07-07,High,96.5,698.200012
2016-07-07,Low,95.620003,688.215027
2016-07-08,High,96.889999,705.710022
2016-07-08,Low,96.050003,696.434998
2016-07-11,High,97.650002,716.51001
2016-07-11,Low,96.730003,707.23999
2016-07-12,High,97.699997,722.940002
2016-07-12,Low,97.120003,715.909973
2016-07-13,High,97.669998,724.0
2016-07-13,Low,96.839996,716.849976
2016-07-14,High,98.989998,722.210022
2016-07-14,Low,97.32,718.030029
2016-07-15,High,99.300003,725.73999
2016-07-15,Low,98.5,719.054993
2016-07-18,High,100.129997,736.130005
2016-07-18,Low,98.599998,721.190002
2016-07-19,High,100.0,736.98999
2016-07-19,Low,99.339996,729.0
2016-07-20,High,100.459999,742.130005
2016-07-20,Low,99.739998,737.099976
2016-07-21,High,101.0,741.690002
2016-07-21,Low,99.129997,735.830994
2016-07-22,High,99.300003,743.23999
2016-07-22,Low,98.309998,736.559998
2016-07-25,High,98.839996,742.609985
2016-07-25,Low,96.919998,737.5
2016-07-26,High,97.970001,741.690002
2016-07-26,Low,96.419998,734.27002
2016-07-27,High,104.349998,744.460022
2016-07-27,Low,102.75,737.0
2016-07-28,High,104.449997,748.650024
2016-07-28,Low,102.82,739.299988
2016-07-29,High,104.550003,778.549988
2016-07-29,Low,103.68,766.77002
2016-08-01,High,106.150002,780.429993
2016-08-01,Low,104.410004,761.090027
2016-08-02,High,106.07,775.840027
2016-08-02,Low,104.0,767.849976
2016-08-03,High,105.839996,773.210022
2016-08-03,Low,104.769997,766.820007
2016-08-04,High,106.0,774.070007
2016-08-04,Low,105.279999,768.794983
2016-08-05,High,107.650002,783.039978
2016-08-05,Low,106.18,772.340027
2016-08-08,High,108.370003,782.630005
2016-08-08,Low,107.160004,778.091003
2016-08-09,High,108.940002,788.940002
2016-08-09,Low,108.010002,780.570007
2016-08-10,High,108.900002,786.812012
2016-08-10,Low,107.760002,782.778015
2016-08-11,High,108.93,789.75
2016-08-11,Low,107.849998,782.969971
2016-08-12,High,108.440002,783.39502
2016-08-12,Low,107.779999,780.400024
2016-08-15,High,109.540001,787.48999
2016-08-15,Low,108.080002,780.109985
2016-08-16,High,110.230003,780.97998
2016-08-16,Low,109.209999,773.44397
2016-08-17,High,109.370003,780.809998
2016-08-17,Low,108.339996,773.530029
2016-08-18,High,109.599998,782.859985
2016-08-18,Low,109.019997,777.0
2016-08-19,High,109.690002,777.099976
2016-08-19,Low,108.360001,773.130005
2016-08-22,High,109.099998,774.539978
2016-08-22,Low,107.849998,770.049988
2016-08-23,High,109.32,776.440002
2016-08-23,Low,108.529999,771.784973
2016-08-24,High,108.75,774.5
2016-08-24,Low,107.68,767.070007
2016-08-25,High,107.879997,771.890015
2016-08-25,Low,106.68,763.184998
2016-08-26,High,107.949997,776.080017
2016-08-26,Low,106.309998,765.849976
2016-08-29,High,107.440002,774.98999
2016-08-29,Low,106.290001,766.61499
2016-08-30,High,106.5,774.466003
2016-08-30,Low,105.5,766.840027
2016-08-31,High,106.57,769.090027
2016-08-31,Low,105.639999,765.380005
2016-09-01,High,106.800003,771.02002
2016-09-01,Low,105.620003,764.299988
2016-09-02,High,108.0,773.919983
2016-09-02,Low,106.82,768.409973
2016-09-06,High,108.300003,782.0
2016-09-06,Low,107.510002,771.0
2016-09-07,High,108.760002,782.72998
2016-09-07,Low,107.07,776.200012
2016-09-08,High,107.269997,780.349976
2016-09-08,Low,105.239998,773.580017
2016-09-09,High,105.720001,773.244995
2016-09-09,Low,103.129997,759.659973
2016-09-12,High,105.720001,770.289978
2016-09-12,Low,102.529999,754.0
2016-09-13,High,108.790001,766.219971
2016-09-13,Low,107.239998,755.799988
2016-09-14,High,113.029999,767.679993
2016-09-14,Low,108.599998,759.109985
2016-09-15,High,115.730003,773.799988
2016-09-15,Low,113.489998,759.960022
2016-09-16,High,116.129997,769.75
2016-09-16,Low,114.040001,764.659973
2016-09-19,High,116.18,774.0
2016-09-19,Low,113.25,764.440979
2016-09-20,High,114.120003,773.330017
2016-09-20,Low,112.510002,768.530029
2016-09-21,High,113.989998,777.159973
2016-09-21,Low,112.440002,768.301025
2016-09-22,High,114.940002,789.849976
2016-09-22,Low,114.0,778.440002
2016-09-23,High,114.790001,788.929993
2016-09-23,Low,111.550003,784.150024
2016-09-26,High,113.389999,782.73999
2016-09-26,Low,111.550003,773.070007
2016-09-27,High,113.18,785.98999
2016-09-27,Low,112.339996,774.307983
2016-09-28,High,114.639999,781.809998
2016-09-28,Low,113.43,774.969971
2016-09-29,High,113.800003,785.799988
2016-09-29,Low,111.800003,774.231995
2016-09-30,High,113.370003,780.940002
2016-09-30,Low,111.800003,774.090027
2016-10-03,High,113.050003,776.065002
2016-10-03,Low,112.279999,769.5
2016-10-04,High,114.309998,778.710022
2016-10-04,Low,112.629997,772.890015
2016-10-05,High,113.660004,782.070007
2016-10-05,Low,112.690002,775.650024
2016-10-06,High,114.339996,780.47998
2016-10-06,Low,113.129997,775.539978
2016-10-07,High,114.559998,779.659973
2016-10-07,Low,113.510002,770.75
2016-10-10,High,116.75,789.380005
2016-10-10,Low,114.720001,775.869995
2016-10-11,High,118.690002,792.280029
2016-10-11,Low,116.199997,780.580017
2016-10-12,High,117.980003,788.130005
2016-10-12,Low,116.75,782.059998
2016-10-13,High,117.440002,781.219971
2016-10-13,Low,115.720001,773.0
2016-10-14,High,118.169998,783.950012
2016-10-14,Low,117.129997,776.0
2016-10-17,High,117.839996,785.849976
2016-10-17,Low,116.779999,777.5
2016-10-18,High,118.209999,801.609985
2016-10-18,Low,117.449997,785.565002
2016-10-19,High,117.760002,804.599976
2016-10-19,Low,113.800003,798.030029
2016-10-20,High,117.379997,803.969971
2016-10-20,Low,116.330002,796.030029
2016-10-21,High,116.910004,799.5
2016-10-21,Low,116.279999,794.0
2016-10-24,High,117.739998,815.179993
2016-10-24,Low,117.0,804.820007
2016-10-25,High,118.360001,816.679993
2016-10-25,Low,117.309998,805.140015
2016-10-26,High,115.699997,806.97998
2016-10-26,Low,113.309998,796.320007
2016-10-27,High,115.860001,803.48999
2016-10-27,Low,114.099998,791.5
2016-10-28,High,115.209999,815.48999
2016-10-28,Low,113.449997,793.590027
2016-10-31,High,114.230003,796.859985
2016-10-31,Low,113.199997,784.0
2016-11-01,High,113.769997,789.48999
2016-11-01,Low,110.529999,775.539978
2016-11-02,High,112.349998,781.650024
2016-11-02,Low,111.230003,763.450012
2016-11-03,High,111.459999,769.950012
2016-11-03,Low,109.550003,759.030029
2016-11-04,High,110.25,770.359985
2016-11-04,Low,108.110001,750.560974
2016-11-07,High,110.510002,785.190002
2016-11-07,Low,109.459999,772.549988
2016-11-08,High,111.720001,795.632996
2016-11-08,Low,109.699997,780.190002
2016-11-09,High,111.32,791.22699
2016-11-09,Low,108.050003,771.669983
2016-11-10,High,111.089996,791.169983
2016-11-10,Low,105.830002,752.179993
2016-11-11,High,108.870003,760.780029
2016-11-11,Low,106.550003,750.380005
2016-11-14,High,107.809998,757.849976
2016-11-14,Low,104.080002,727.539978
2016-11-15,High,107.68,764.416016
2016-11-15,Low,106.160004,746.969971
2016-11-16,High,110.230003,766.359985
2016-11-16,Low,106.599998,750.51001
2016-11-17,High,110.349998,772.700012
2016-11-17,Low,108.830002,764.22998
2016-11-18,High,110.540001,775.0
2016-11-18,Low,109.660004,760.0
2016-11-21,High,111.989998,769.700012
2016-11-21,Low,110.010002,760.599976
2016-11-22,High,112.419998,776.960022
2016-11-22,Low,111.400002,767.0
2016-11-23,High,111.510002,768.28302
2016-11-23,Low,110.330002,755.25
2016-11-25,High,111.870003,765.0
2016-11-25,Low,110.949997,760.52002
2016-11-28,High,112.470001,779.530029
2016-11-28,Low,111.389999,759.799988
2016-11-29,High,112.029999,778.5
2016-11-29,Low,110.07,768.23999
2016-11-30,High,112.199997,772.98999
2016-11-30,Low,110.269997,754.830017
2016-12-01,High,110.940002,759.849976
2016-12-01,Low,109.029999,737.025024
2016-12-02,High,110.089996,754.0
2016-12-02,Low,108.849998,743.099976
2016-12-05,High,110.029999,763.900024
2016-12-05,Low,108.25,752.900024
2016-12-06,High,110.360001,768.830017
2016-12-06,Low,109.190002,757.340027
2016-12-07,High,111.190002,771.359985
2016-12-07,Low,109.160004,755.799988
2016-12-08,High,112.43,778.179993
2016-12-08,Low,110.599998,767.22998
2016-12-09,High,114.699997,789.429993
2016-12-09,Low,112.309998,779.020996
2016-12-12,High,115.0,791.25
2016-12-12,Low,112.489998,784.35498
2016-12-13,High,115.919998,804.380005
2016-12-13,Low,113.75,793.340027
2016-12-14,High,116.199997,804.0
2016-12-14,Low,114.980003,794.01001
2016-12-15,High,116.730003,803.0
2016-12-15,Low,115.230003,792.919983
2016-12-16,High,116.5,800.856018
2016-12-16,Low,115.650002,790.289978
2016-12-19,High,117.379997,797.659973
2016-12-19,Low,115.75,786.27002
2016-12-20,High,117.5,798.650024
2016-12-20,Low,116.68,793.27002
2016-12-21,High,117.400002,796.676025
2016-12-21,Low,116.779999,787.099976
2016-12-22,High,116.510002,793.320007
2016-12-22,Low,115.639999,788.580017
2016-12-23,High,116.519997,792.73999
2016-12-23,Low,115.589996,787.280029
2016-12-27,High,117.800003,797.859985
2016-12-27,Low,116.489998,787.656982
2016-12-28,High,118.019997,794.22998
2016-12-28,Low,116.199997,783.200012
2016-12-29,High,117.110001,785.929993
2016-12-29,Low,116.400002,778.919983
2016-12-30,High,117.199997,782.780029
2016-12-30,Low,115.43,770.409973
2017-01-03,High,116.330002,789.630005
2017-01-03,Low,114.760002,775.799988
2017-01-04,High,116.510002,791.340027
2017-01-04,Low,115.75,783.159973
2017-01-05,High,116.860001,794.47998
2017-01-05,Low,115.809998,785.02002
2017-01-06,High,118.160004,807.900024
2017-01-06,Low,116.470001,792.203979
2017-01-09,High,119.43,809.966003
2017-01-09,Low,117.940002,802.830017
2017-01-10,High,119.379997,809.130005
2017-01-10,Low,118.300003,803.51001
2017-01-11,High,119.93,808.150024
2017-01-11,Low,118.599998,801.369995
2017-01-12,High,119.300003,807.390015
2017-01-12,Low,118.209999,799.169983
2017-01-13,High,119.620003,811.223999
2017-01-13,Low,118.809998,806.690002
2017-01-17,High,120.239998,807.140015
2017-01-17,Low,118.220001,800.369995
2017-01-18,High,120.5,806.205017
2017-01-18,Low,119.709999,800.98999
2017-01-19,High,120.089996,809.47998
2017-01-19,Low,119.370003,801.799988
2017-01-20,High,120.449997,806.909973
2017-01-20,Low,119.730003,801.690002
2017-01-23,High,120.809998,820.869995
2017-01-23,Low,119.769997,803.73999
2017-01-24,High,120.099998,825.900024
2017-01-24,Low,119.5,817.820984
2017-01-25,High,122.099998,835.77002
2017-01-25,Low,120.279999,825.059998
2017-01-26,High,122.440002,838.0
2017-01-26,Low,121.599998,827.01001
2017-01-27,High,122.349998,841.950012
2017-01-27,Low,121.599998,820.440002
2017-01-30,High,121.629997,815.840027
2017-01-30,Low,120.660004,799.799988
2017-01-31,High,121.389999,801.25
2017-01-31,Low,120.620003,790.52002
2017-02-01,High,130.490005,801.190002
2017-02-01,Low,127.010002,791.190002
2017-02-02,High,129.389999,802.700012
2017-02-02,Low,127.779999,792.0
2017-02-03,High,129.190002,806.0
2017-02-03,Low,128.160004,800.369995
2017-02-06,High,130.5,801.669983
2017-02-06,Low,128.899994,795.25
2017-02-07,High,132.089996,810.5
2017-02-07,Low,130.449997,801.780029
2017-02-08,High,132.220001,811.840027
2017-02-08,Low,131.220001,803.190002
2017-02-09,High,132.449997,810.659973
2017-02-09,Low,131.119995,804.539978
2017-02-10,High,132.940002,815.25
2017-02-10,Low,132.050003,809.780029
2017-02-13,High,133.820007,820.958984
2017-02-13,Low,132.75,815.48999
2017-02-14,High,135.089996,823.0
2017-02-14,Low,133.25,816.0
2017-02-15,High,136.270004,823.0
2017-02-15,Low,134.619995,818.469971
2017-02-16,High,135.899994,824.400024
2017-02-16,Low,134.839996,818.97998
2017-02-17,High,135.830002,828.070007
2017-02-17,Low,135.100006,821.655029
2017-02-21,High,136.75,833.450012
2017-02-21,Low,135.979996,828.349976
2017-02-22,High,137.119995,833.25
2017-02-22,Low,136.110001,828.640015
2017-02-23,High,137.479996,832.460022
2017-02-23,Low,136.300003,822.880005
2017-02-24,High,136.660004,829.0
2017-02-24,Low,135.279999,824.200012
2017-02-27,High,137.440002,830.5
2017-02-27,Low,136.279999,824.0
2017-02-28,High,137.440002,828.539978
2017-02-28,Low,136.699997,820.200012
2017-03-01,High,140.149994,836.255005
2017-03-01,Low,137.600006,827.26001
2017-03-02,High,140.279999,834.51001
2017-03-02,Low,138.759995,829.640015
2017-03-03,High,139.830002,831.359985
2017-03-03,Low,138.589996,825.750977
2017-03-06,High,139.770004,828.880005
2017-03-06,Low,138.600006,822.400024
2017-03-07,High,139.979996,833.409973
2017-03-07,Low,138.789993,826.52002
2017-03-08,High,139.800003,838.150024
2017-03-08,Low,138.820007,831.789978
2017-03-09,High,138.789993,842.0
2017-03-09,Low,137.050003,834.210022
2017-03-10,High,139.360001,844.909973
2017-03-10,Low,138.639999,839.5
2017-03-13,High,139.429993,848.684998
2017-03-13,Low,138.820007,843.25
2017-03-14,High,139.649994,847.23999
2017-03-14,Low,138.839996,840.799988
2017-03-15,High,140.75,848.630005
2017-03-15,Low,139.029999,840.77002
2017-03-16,High,141.020004,850.849976
2017-03-16,Low,140.259995,846.130005
2017-03-17,High,141.0,853.400024
2017-03-17,Low,139.889999,847.109985
2017-03-20,High,141.5,850.219971
2017-03-20,Low,140.229996,845.150024
2017-03-21,High,142.800003,853.5
2017-03-21,Low,139.729996,829.02002
2017-03-22,High,141.600006,835.549988
2017-03-22,Low,139.759995,827.179993
2017-03-23,High,141.580002,822.570007
2017-03-23,Low,140.610001,812.257019
2017-03-24,High,141.740005,821.929993
2017-03-24,Low,140.350006,808.890015
2017-03-27,High,141.220001,821.630005
2017-03-27,Low,138.619995,803.369995
2017-03-28,High,144.039993,825.98999
2017-03-28,Low,140.619995,814.026978
2017-03-29,High,144.490005,832.765015
2017-03-29,Low,143.190002,822.380005
2017-03-30,High,144.5,833.679993
2017-03-30,Low,143.5,829.0
2017-03-31,High,144.270004,831.640015
2017-03-31,Low,143.009995,827.390015
2017-04-03,High,144.119995,840.849976
2017-04-03,Low,143.050003,829.219971
2017-04-04,High,144.889999,835.179993
2017-04-04,Low,143.169998,829.036011
2017-04-05,High,145.460007,842.450012
2017-04-05,Low,143.809998,830.719971
2017-04-06,High,144.520004,836.390015
2017-04-06,Low,143.449997,826.460022
2017-04-07,High,144.179993,828.484985
2017-04-07,Low,143.270004,820.513
2017-04-10,High,143.880005,829.349976
2017-04-10,Low,142.899994,823.77002
2017-04-11,High,143.350006,827.427002
2017-04-11,Low,140.059998,817.02002
2017-04-12,High,142.149994,826.659973
2017-04-12,Low,141.009995,821.02002
2017-04-13,High,142.380005,826.380005
2017-04-13,Low,141.050003,821.440002
2017-04-17,High,141.880005,837.75
2017-04-17,Low,140.869995,824.469971
2017-04-18,High,142.039993,838.929993
2017-04-18,Low,141.110001,832.710022
2017-04-19,High,142.0,842.219971
2017-04-19,Low,140.449997,836.289978
2017-04-20,High,142.919998,845.200012
2017-04-20,Low,141.160004,839.320007
2017-04-21,High,142.679993,843.880005
2017-04-21,Low,141.850006,840.599976
2017-04-24,High,143.949997,863.450012
2017-04-24,Low,143.179993,849.859985
2017-04-25,High,144.899994,875.0
2017-04-25,Low,143.869995,862.809998
2017-04-26,High,144.600006,876.049988
2017-04-26,Low,143.380005,867.747986
2017-04-27,High,144.160004,875.400024
2017-04-27,Low,143.309998,870.380005
2017-04-28,High,144.300003,916.849976
2017-04-28,Low,143.270004,905.77002
2017-05-01,High,147.199997,915.679993
2017-05-01,Low,144.960007,901.450012
2017-05-02,High,148.089996,920.77002
2017-05-02,Low,146.839996,909.453003
2017-05-03,High,147.490005,928.099976
2017-05-03,Low,144.270004,912.54303
2017-05-04,High,147.139999,935.929993
2017-05-04,Low,145.809998,924.590027
2017-05-05,High,148.979996,934.900024
2017-05-05,Low,146.759995,925.200012
2017-05-08,High,153.699997,936.924988
2017-05-08,Low,149.029999,925.26001
2017-05-09,High,154.880005,937.5
2017-05-09,Low,153.449997,929.530029
2017-05-10,High,153.940002,932.0
2017-05-10,Low,152.110001,925.159973
2017-05-11,High,154.070007,932.530029
2017-05-11,Low,152.309998,923.030029
2017-05-12,High,156.419998,933.440002
2017-05-12,Low,154.669998,927.849976
2017-05-15,High,156.649994,938.25
2017-05-15,Low,155.050003,929.340027
2017-05-16,High,156.059998,943.109985
2017-05-16,Low,154.720001,937.580017
2017-05-17,High,154.570007,939.333008
2017-05-17,Low,149.710007,918.140015
2017-05-18,High,153.339996,933.169983
2017-05-18,Low,151.130005,918.75
2017-05-19,High,153.979996,937.755005
2017-05-19,Low,152.630005,931.0
2017-05-22,High,154.580002,941.882996
2017-05-22,Low,152.910004,935.0
2017-05-23,High,154.899994,951.46698
2017-05-23,Low,153.309998,942.575012
2017-05-24,High,154.169998,955.090027
2017-05-24,Low,152.669998,949.5
2017-05-25,High,154.350006,972.629028
2017-05-25,Low,153.029999,955.469971
2017-05-26,High,154.240005,974.97998
2017-05-26,Low,153.309998,965.030029
2017-05-30,High,154.429993,976.200012
2017-05-30,Low,153.330002,969.48999
2017-05-31,High,154.169998,979.27002
2017-05-31,Low,152.380005,960.179993
2017-06-01,High,153.330002,971.5
2017-06-01,Low,152.220001,960.01001
2017-06-02,High,155.449997,975.880005
2017-06-02,Low,152.889999,966.0
2017-06-05,High,154.449997,986.909973
2017-06-05,Low,153.460007,975.099976
2017-06-06,High,155.809998,988.25
2017-06-06,Low,153.779999,975.140015
2017-06-07,High,155.979996,983.97998
2017-06-07,Low,154.479996,975.940002
2017-06-08,High,155.539993,984.570007
2017-06-08,Low,154.399994,977.200012
2017-06-09,High,155.190002,984.5
2017-06-09,Low,146.020004,935.630005
2017-06-12,High,146.089996,949.35498
2017-06-12,Low,142.509995,915.232971
2017-06-13,High,147.449997,959.97998
2017-06-13,Low,145.149994,944.090027
2017-06-14,High,147.5,961.150024
2017-06-14,Low,143.839996,942.25
2017-06-15,High,144.479996,943.338989
2017-06-15,Low,142.210007,924.440002
2017-06-16,High,144.5,942.039978
2017-06-16,Low,142.199997,931.594971
2017-06-19,High,146.740005,959.98999
2017-06-19,Low,143.660004,949.049988
2017-06-20,High,146.869995,961.619995
2017-06-20,Low,144.940002,950.01001
2017-06-21,High,146.070007,960.099976
2017-06-21,Low,144.610001,950.76001
2017-06-22,High,146.699997,960.719971
2017-06-22,Low,145.119995,954.549988
2017-06-23,High,147.160004,966.0
2017-06-23,Low,145.110001,954.200012
2017-06-26,High,148.279999,973.309998
2017-06-26,Low,145.380005,950.789978
2017-06-27,High,146.160004,948.289978
2017-06-27,Low,143.619995,926.849976
2017-06-28,High,146.110001,942.75
2017-06-28,Low,143.160004,916.0
2017-06-29,High,145.130005,931.26001
2017-06-29,Low,142.279999,910.619995
2017-06-30,High,144.960007,926.049988
2017-06-30,Low,143.779999,908.309998
2017-07-03,High,145.300003,913.940002
2017-07-03,Low,143.100006,894.789978
2017-07-05,High,144.789993,914.51001
2017-07-05,Low,142.720001,898.5
2017-07-06,High,143.5,914.94397
2017-07-06,Low,142.410004,899.700012
2017-07-07,High,144.75,921.539978
2017-07-07,Low,142.899994,908.849976
2017-07-10,High,145.949997,930.380005
2017-07-10,Low,143.369995,919.590027
2017-07-11,High,145.850006,931.429993
2017-07-11,Low,144.380005,922.0
2017-07-12,High,146.179993,946.299988
2017-07-12,Low,144.820007,934.469971
2017-07-13,High,148.490005,954.450012
2017-07-13,Low,145.440002,943.01001
2017-07-14,High,149.330002,956.909973
2017-07-14,Low,147.330002,948.005005
2017-07-17,High,150.899994,960.73999
2017-07-17,Low,148.570007,949.241028
2017-07-18,High,150.130005,968.039978
2017-07-18,Low,148.669998,950.599976
2017-07-19,High,151.419998,973.039978
2017-07-19,Low,149.949997,964.030029
2017-07-20,High,151.740005,975.900024
2017-07-20,Low,150.190002,961.51001
2017-07-21,High,150.440002,973.22998
2017-07-21,Low,148.880005,960.150024
2017-07-24,High,152.440002,986.200012
2017-07-24,Low,149.899994,970.77002
2017-07-25,High,153.839996,959.700012
2017-07-25,Low,151.800003,945.400024
2017-07-26,High,153.929993,955.0
2017-07-26,Low,153.059998,942.278992
2017-07-27,High,153.990005,951.780029
2017-07-27,Low,147.300003,920.0
2017-07-28,High,150.229996,943.830017
2017-07-28,Low,149.190002,927.5
2017-07-31,High,150.330002,943.590027
2017-07-31,Low,148.130005,926.039978
2017-08-01,High,150.220001,937.447021
2017-08-01,Low,148.410004,929.26001
2017-08-02,High,159.75,932.599976
2017-08-02,Low,156.160004,916.679993
2017-08-03,High,157.210007,932.23999
2017-08-03,Low,155.020004,922.23999
2017-08-04,High,157.399994,930.307007
2017-08-04,Low,155.690002,923.030029
2017-08-07,High,158.919998,931.700012
2017-08-07,Low,156.669998,926.5
2017-08-08,High,161.830002,935.814026
2017-08-08,Low,158.270004,925.609985
2017-08-09,High,161.270004,925.97998
2017-08-09,Low,159.110001,917.25
2017-08-10,High,160.0,919.26001
2017-08-10,Low,154.630005,906.130005
2017-08-11,High,158.570007,917.780029
2017-08-11,Low,156.070007,905.580017
2017-08-14,High,160.210007,924.66803
2017-08-14,Low,158.75,918.190002
2017-08-15,High,162.199997,926.549988
2017-08-15,Low,160.139999,919.820007
2017-08-16,High,162.509995,932.700012
2017-08-16,Low,160.149994,923.445007
2017-08-17,High,160.710007,926.859985
2017-08-17,Low,157.839996,910.97998
2017-08-18,High,159.5,915.275024
2017-08-18,Low,156.720001,907.153992
2017-08-21,High,157.889999,913.0
2017-08-21,Low,155.110001,903.400024
2017-08-22,High,160.0,925.859985
2017-08-22,Low,158.020004,911.474976
2017-08-23,High,160.470001,929.929993
2017-08-23,Low,158.880005,919.359985
2017-08-24,High,160.740005,930.840027
2017-08-24,Low,158.550003,915.5
2017-08-25,High,160.559998,925.554993
2017-08-25,Low,159.270004,915.5
2017-08-28,High,162.0,919.244995
2017-08-28,Low,159.929993,911.869995
2017-08-29,High,163.119995,923.330017
2017-08-29,Low,160.0,905.0
2017-08-30,High,163.889999,930.81897
2017-08-30,Low,162.610001,919.650024
2017-08-31,High,164.520004,941.97998
2017-08-31,Low,163.479996,931.76001
2017-09-01,High,164.940002,942.47998
2017-09-01,Low,163.630005,935.150024
2017-09-05,High,164.25,937.0
2017-09-05,Low,160.559998,921.960022
2017-09-06,High,162.990005,930.914978
2017-09-06,Low,160.520004,919.27002
2017-09-07,High,162.240005,936.409973
2017-09-07,Low,160.360001,923.619995
2017-09-08,High,161.149994,936.98999
2017-09-08,Low,158.529999,924.880005
2017-09-11,High,162.050003,938.380005
2017-09-11,Low,159.889999,926.919983
2017-09-12,High,163.960007,933.47998
2017-09-12,Low,158.770004,923.861023
2017-09-13,High,159.960007,937.25
2017-09-13,Low,157.910004,929.859985
2017-09-14,High,159.399994,932.77002
2017-09-14,Low,158.089996,924.0
2017-09-15,High,160.970001,926.48999
2017-09-15,Low,158.0,916.359985
2017-09-18,High,160.5,922.080017
2017-09-18,Low,158.0,910.599976
2017-09-19,High,159.770004,922.419983
2017-09-19,Low,158.440002,912.549988
2017-09-20,High,158.259995,933.880005
2017-09-20,Low,153.830002,922.0
2017-09-21,High,155.800003,936.530029
2017-09-21,Low,152.75,923.830017
2017-09-22,High,152.270004,934.72998
2017-09-22,Low,150.559998,926.47998
2017-09-25,High,151.830002,926.400024
2017-09-25,Low,149.160004,909.700012
2017-09-26,High,153.919998,930.820007
2017-09-26,Low,151.690002,921.140015
2017-09-27,High,154.720001,949.900024
2017-09-27,Low,153.539993,927.73999
2017-09-28,High,154.279999,950.690002
2017-09-28,Low,152.699997,940.549988
2017-09-29,High,154.130005,959.786011
2017-09-29,Low,152.0,951.51001
2017-10-02,High,154.449997,962.539978
2017-10-02,Low,152.720001,947.840027
2017-10-03,High,155.089996,958.0
2017-10-03,Low,153.910004,949.140015
2017-10-04,High,153.860001,960.390015
2017-10-04,Low,152.460007,950.690002
2017-10-05,High,155.440002,970.909973
2017-10-05,Low,154.050003,955.179993
2017-10-06,High,155.490005,979.460022
2017-10-06,Low,154.559998,963.359985
2017-10-09,High,156.729996,985.424988
2017-10-09,Low,155.490005,976.109985
2017-10-10,High,158.0,981.570007
2017-10-10,Low,155.100006,966.080017
2017-10-11,High,156.979996,990.710022
2017-10-11,Low,155.75,972.25
2017-10-12,High,157.369995,994.119995
2017-10-12,Low,155.729996,985.0
2017-10-13,High,157.279999,997.210022
2017-10-13,Low,156.410004,989.0
2017-10-16,High,160.0,993.906982
2017-10-16,Low,157.649994,984.0
2017-10-17,High,160.869995,996.440002
2017-10-17,Low,159.229996,988.590027
2017-10-18,High,160.710007,996.719971
2017-10-18,Low,159.600006,986.974976
2017-10-19,High,157.080002,988.880005
2017-10-19,Low,155.020004,978.390015
2017-10-20,High,157.75,991.0
2017-10-20,Low,155.960007,984.580017
2017-10-23,High,157.690002,989.52002
2017-10-23,Low,155.5,966.119995
2017-10-24,High,157.419998,972.22998
2017-10-24,Low,156.199997,961.0
2017-10-25,High,157.550003,976.090027
2017-10-25,Low,155.270004,960.52002
2017-10-26,High,157.830002,987.599976
2017-10-26,Low,156.779999,972.200012
2017-10-27,High,163.600006,1048.390015
2017-10-27,Low,158.699997,1008.200012
2017-10-30,High,168.070007,1024.969971
2017-10-30,Low,163.720001,1007.5
2017-10-31,High,169.649994,1024.0
2017-10-31,Low,166.940002,1010.419983
2017-11-01,High,169.940002,1029.670044
2017-11-01,Low,165.610001,1016.950012
2017-11-02,High,168.5,1028.089966
2017-11-02,Low,165.279999,1013.01001
2017-11-03,High,174.259995,1032.650024
2017-11-03,Low,171.119995,1020.309998
2017-11-06,High,174.990005,1034.869995
2017-11-06,Low,171.720001,1025.0
2017-11-07,High,175.25,1033.969971
2017-11-07,Low,173.600006,1025.130005
2017-11-08,High,176.240005,1043.521973
2017-11-08,Low,174.330002,1028.449951
2017-11-09,High,176.100006,1033.98999
2017-11-09,Low,173.139999,1019.666016
2017-11-10,High,175.380005,1030.76001
2017-11-10,Low,174.270004,1025.280029
2017-11-13,High,174.5,1031.579956
2017-11-13,Low,173.399994,1022.570007
2017-11-14,High,173.479996,1026.810059
2017-11-14,Low,171.179993,1014.150024
2017-11-15,High,170.320007,1024.089966
2017-11-15,Low,168.380005,1015.419983
2017-11-16,High,171.869995,1035.920044
2017-11-16,Low,170.300003,1022.52002
2017-11-17,High,171.389999,1034.420044
2017-11-17,Low,169.639999,1017.75
2017-11-20,High,170.559998,1022.609985
2017-11-20,Low,169.559998,1017.5
2017-11-21,High,173.699997,1035.109985
2017-11-21,Low,170.779999,1022.655029
2017-11-22,High,175.0,1039.706055
2017-11-22,Low,173.050003,1031.430054
2017-11-24,High,175.5,1043.177979
2017-11-24,Low,174.649994,1035.0
2017-11-27,High,175.080002,1055.459961
2017-11-27,Low,173.339996,1038.439941
2017-11-28,High,174.869995,1062.375
2017-11-28,Low,171.860001,1040.0
2017-11-29,High,172.919998,1044.079956
2017-11-29,Low,167.160004,1015.650024
2017-11-30,High,172.139999,1028.48999
2017-11-30,Low,168.440002,1015.0
2017-12-01,High,171.669998,1022.48999
2017-12-01,Low,168.5,1002.02002
2017-12-04,High,172.619995,1016.099976
2017-12-04,Low,169.630005,995.570007
2017-12-05,High,171.520004,1020.609985
2017-12-05,Low,168.399994,988.280029
2017-12-06,High,170.199997,1024.969971
2017-12-06,Low,166.460007,1001.140015
2017-12-07,High,170.440002,1034.23999
2017-12-07,Low,168.910004,1018.070984
2017-12-08,High,171.0,1042.050049
2017-12-08,Low,168.820007,1032.521973
2017-12-11,High,172.889999,1043.800049
2017-12-11,Low,168.789993,1032.050049
2017-12-12,High,172.389999,1050.310059
2017-12-12,Low,171.460007,1033.689941
2017-12-13,High,173.539993,1046.665039
2017-12-13,Low,172.0,1038.380005
2017-12-14,High,173.130005,1058.5
2017-12-14,Low,171.649994,1043.109985
2017-12-15,High,174.169998,1067.619995
2017-12-15,Low,172.460007,1049.5
2017-12-18,High,177.199997,1078.48999
2017-12-18,Low,174.860001,1062.0
2017-12-19,High,175.389999,1076.839966
2017-12-19,Low,174.089996,1063.550049
2017-12-20,High,175.419998,1073.380005
2017-12-20,Low,173.25,1061.52002
2017-12-21,High,176.020004,1069.329956
2017-12-21,Low,174.100006,1061.793945
2017-12-22,High,175.419998,1064.199951
2017-12-22,Low,174.5,1059.439941
2017-12-26,High,171.470001,1060.119995
2017-12-26,Low,169.679993,1050.199951
2017-12-27,High,170.779999,1058.369995
2017-12-27,Low,169.710007,1048.050049
2017-12-28,High,171.850006,1054.75
2017-12-28,Low,170.479996,1044.77002
2017-12-29,High,170.589996,1049.699951
2017-12-29,Low,169.220001,1044.900024
2018-01-02,High,172.300003,1066.939941
2018-01-02,Low,169.259995,1045.22998
2018-01-03,High,174.550003,1086.290039
2018-01-03,Low,171.960007,1063.209961
2018-01-04,High,173.470001,1093.569946
2018-01-04,Low,172.080002,1084.001953
2018-01-05,High,175.369995,1104.25
2018-01-05,Low,173.050003,1092.0
2018-01-08,High,175.610001,1111.27002
2018-01-08,Low,173.929993,1101.619995
2018-01-09,High,175.059998,1110.569946
2018-01-09,Low,173.410004,1101.230957
2018-01-10,High,174.300003,1104.599976
2018-01-10,Low,173.0,1096.109985
2018-01-11,High,175.490005,1106.525024
2018-01-11,Low,174.490005,1099.589966
2018-01-12,High,177.360001,1124.290039
2018-01-12,Low,175.649994,1101.150024
2018-01-16,High,179.389999,1139.910034
2018-01-16,Low,176.139999,1117.832031
2018-01-17,High,179.25,1132.599976
2018-01-17,Low,175.070007,1117.01001
2018-01-18,High,180.100006,1132.51001
2018-01-18,Low,178.25,1117.5
2018-01-19,High,179.580002,1137.859985
2018-01-19,Low,177.410004,1128.300049
2018-01-22,High,177.779999,1159.880005
2018-01-22,Low,176.600006,1135.109985
2018-01-23,High,179.440002,1171.626953
2018-01-23,Low,176.820007,1158.75
2018-01-24,High,177.300003,1179.859985
2018-01-24,Low,173.199997,1161.050049
2018-01-25,High,174.949997,1175.939941
2018-01-25,Low,170.529999,1162.76001
2018-01-26,High,172.0,1175.839966
2018-01-26,Low,170.059998,1158.109985
2018-01-29,High,170.160004,1186.890015
2018-01-29,Low,167.070007,1171.97998
2018-01-30,High,167.369995,1176.52002
2018-01-30,Low,164.699997,1163.52002
2018-01-31,High,168.440002,1173.0
2018-01-31,Low,166.5,1159.130005
2018-02-01,High,168.619995,1174.0
2018-02-01,Low,166.759995,1157.52002
2018-02-02,High,166.800003,1123.069946
2018-02-02,Low,160.100006,1107.277954
2018-02-05,High,163.880005,1110.0
2018-02-05,Low,156.0,1052.030029
2018-02-06,High,163.720001,1081.709961
2018-02-06,Low,154.0,1023.137024
2018-02-07,High,163.399994,1081.780029
2018-02-07,Low,159.070007,1048.26001
2018-02-08,High,161.0,1058.619995
2018-02-08,Low,155.029999,1000.659973
2018-02-09,High,157.889999,1043.969971
2018-02-09,Low,150.240005,992.559998
2018-02-12,High,163.889999,1061.5
2018-02-12,Low,157.509995,1040.927979
2018-02-13,High,164.75,1058.369995
2018-02-13,Low,161.649994,1044.087036
2018-02-14,High,167.539993,1071.719971
2018-02-14,Low,162.880005,1046.75
2018-02-15,High,173.089996,1091.479004
2018-02-15,Low,169.0,1064.339966
2018-02-16,High,174.820007,1104.670044
2018-02-16,Low,171.770004,1088.312988
2018-02-20,High,174.259995,1113.949951
2018-02-20,Low,171.419998,1088.52002
2018-02-21,High,174.119995,1133.969971
2018-02-21,Low,171.009995,1106.329956
2018-02-22,High,173.949997,1122.819946
2018-02-22,Low,171.710007,1102.589966
2018-02-23,High,175.649994,1127.280029
2018-02-23,Low,173.539993,1104.713989
2018-02-26,High,179.389999,1143.959961
2018-02-26,Low,176.210007,1126.694946
2018-02-27,High,180.479996,1144.040039
2018-02-27,Low,178.160004,1118.0
2018-02-28,High,180.619995,1127.530029
2018-02-28,Low,178.050003,1103.23999
2018-03-01,High,179.779999,1110.119995
2018-03-01,Low,172.660004,1067.000977
2018-03-02,High,176.300003,1081.999023
2018-03-02,Low,172.449997,1048.11499
2018-03-05,High,177.740005,1097.099976
2018-03-05,Low,174.520004,1069.0
2018-03-06,High,178.25,1101.849976
2018-03-06,Low,176.130005,1089.775024
2018-03-07,High,175.850006,1112.219971
2018-03-07,Low,174.270004,1085.482056
2018-03-08,High,177.119995,1127.599976
2018-03-08,Low,175.070007,1112.800049
2018-03-09,High,180.0,1160.800049
2018-03-09,Low,177.389999,1132.46106
2018-03-12,High,182.389999,1177.050049
2018-03-12,Low,180.210007,1157.420044
2018-03-13,High,183.5,1176.76001
2018-03-13,Low,179.240005,1133.329956
2018-03-14,High,180.520004,1158.589966
2018-03-14,Low,177.809998,1141.439941
2018-03-15,High,180.240005,1161.079956
2018-03-15,Low,178.070007,1134.540039
2018-03-16,High,179.119995,1155.880005
2018-03-16,Low,177.619995,1131.959961
2018-03-19,High,177.470001,1121.98999
2018-03-19,Low,173.660004,1089.01001
2018-03-20,High,176.800003,1105.199951
2018-03-20,Low,174.940002,1083.459961
2018-03-21,High,175.089996,1106.300049
2018-03-21,Low,171.259995,1085.150024
2018-03-22,High,172.679993,1082.900024
2018-03-22,Low,168.600006,1045.910034
2018-03-23,High,169.919998,1063.359985
2018-03-23,Low,164.940002,1021.219971
2018-03-26,High,173.100006,1055.630005
2018-03-26,Low,166.440002,1008.400024
2018-03-27,High,175.149994,1064.838989
2018-03-27,Low,166.919998,996.919983
2018-03-28,High,170.020004,1024.22998
2018-03-28,Low,165.190002,980.640015
2018-03-29,High,171.75,1043.0
2018-03-29,Low,166.899994,1002.900024
2018-04-02,High,168.940002,1034.800049
2018-04-02,Low,164.470001,990.369995
2018-04-03,High,168.75,1020.98999
2018-04-03,Low,164.880005,994.070007
2018-04-04,High,172.009995,1028.718018
2018-04-04,Low,164.770004,993.0
2018-04-05,High,174.229996,1042.790039
2018-04-05,Low,172.080002,1020.130981
2018-04-06,High,172.479996,1031.420044
2018-04-06,Low,168.199997,1003.030029
2018-04-09,High,173.089996,1039.599976
2018-04-09,Low,169.850006,1014.080017
2018-04-10,High,174.0,1036.280029
2018-04-10,Low,171.529999,1011.340027
2018-04-11,High,173.919998,1031.364014
2018-04-11,Low,171.699997,1015.869995
2018-04-12,High,175.0,1040.689941
2018-04-12,Low,173.039993,1021.434998
2018-04-13,High,175.839996,1046.420044
2018-04-13,Low,173.850006,1022.97998
2018-04-16,High,176.190002,1043.23999
2018-04-16,Low,174.830002,1026.73999
2018-04-17,High,178.940002,1077.880005
2018-04-17,Low,176.410004,1048.26001
2018-04-18,High,178.820007,1077.430054
2018-04-18,Low,176.880005,1066.224976
2018-04-19,High,175.389999,1094.165039
2018-04-19,Low,172.660004,1068.180054
2018-04-20,High,171.220001,1092.349976
2018-04-20,Low,165.429993,1069.569946
2018-04-23,High,166.919998,1082.719971
2018-04-23,Low,164.089996,1060.699951
2018-04-24,High,166.330002,1057.0
2018-04-24,Low,161.220001,1010.590027
2018-04-25,High,165.419998,1032.48999
2018-04-25,Low,162.410004,1015.309998
2018-04-26,High,165.729996,1047.97998
2018-04-26,Low,163.369995,1018.190002
2018-04-27,High,164.330002,1049.5
2018-04-27,Low,160.630005,1025.589966
2018-04-30,High,167.259995,1037.0
2018-04-30,Low,161.839996,1016.849976
2018-05-01,High,169.199997,1038.469971
2018-05-01,Low,165.270004,1008.210022
2018-05-02,High,177.75,1040.389038
2018-05-02,Low,173.800003,1022.869995
2018-05-03,High,177.5,1029.675049
2018-05-03,Low,174.440002,1006.289978
2018-05-04,High,184.25,1048.51001
2018-05-04,Low,178.169998,1016.900024
2018-05-07,High,187.669998,1061.680054
2018-05-07,Low,184.75,1047.099976
2018-05-08,High,186.220001,1060.550049
2018-05-08,Low,183.669998,1047.14502
2018-05-09,High,187.399994,1085.439941
2018-05-09,Low,185.220001,1056.36499
2018-05-10,High,190.369995,1100.439941
2018-05-10,Low,187.649994,1085.640015
2018-05-11,High,190.059998,1101.329956
2018-05-11,Low,187.449997,1090.910034
