Date,AAPL,AMZN,GOOG,IBM
2013-05-13,64.501427,262.769989,436.605316,204.179993
2013-05-14,64.835716,264.5,435.914795,202.089996
2013-05-15,62.737144,267.070007,444.856628,202.25
2013-05-16,60.462856,265.959991,456.530701,204.0
2013-05-17,62.721428,265.829987,452.069733,205.25
2013-05-20,61.701427,269.0,449.575928,208.020004
2013-05-21,62.592857,268.73999,451.076172,207.240005
2013-05-22,63.435715,267.390015,448.363831,208.5
2013-05-23,62.278572,260.48999,435.666412,205.479996
2013-05-24,62.978573,259.850006,434.802032,204.690002
2013-05-28,64.271431,266.480011,438.895416,207.440002
2013-05-29,62.857143,265.459991,435.025574,206.220001
2013-05-30,63.664288,265.709991,432.149292,206.970001
2013-05-31,64.64286,266.0,431.255096,208.589996
2013-06-03,64.389999,268.959991,433.679321,208.25
2013-06-04,64.745712,267.0,431.120972,208.600006
2013-06-05,63.664288,265.809998,428.468231,205.160004
2013-06-06,63.638573,267.75,429.357452,203.0
2013-06-07,62.357143,269.73999,432.397675,204.850006
2013-06-10,63.532856,276.679993,438.199921,206.970001
2013-06-11,62.248573,276.0,439.128876,203.169998
2013-06-12,62.785713,276.600006,439.86908,204.589996
2013-06-13,61.785713,271.5,431.682312,201.009995
2013-06-14,62.200001,275.0,437.20639,203.970001
2013-06-17,61.634285,276.350006,436.7742,203.440002
2013-06-18,61.651428,279.079987,441.453766,203.020004
2013-06-19,61.628571,281.26001,447.772675,204.440002
2013-06-20,59.900002,275.140015,444.106506,200.669998
2013-06-21,59.784286,274.570007,441.299774,198.5
2013-06-24,58.200001,271.290009,433.122955,193.990005
2013-06-25,57.957142,272.299988,435.795563,195.309998
2013-06-26,57.700001,273.980011,434.05191,195.970001
2013-06-27,57.035713,279.179993,436.560608,196.050003
2013-06-28,55.908573,276.190002,434.623199,191.729996
2013-07-01,57.527142,279.0,440.36087,192.149994
2013-07-02,58.565716,281.040009,442.223755,190.779999
2013-07-03,60.122856,282.0,437.107025,190.979996
2013-07-05,60.055714,285.0,442.129364,194.490005
2013-07-08,60.015713,286.420013,446.699646,195.600006
2013-07-09,59.085712,291.0,452.556549,191.880005
2013-07-10,59.942856,291.410004,448.805939,191.509995
2013-07-11,60.421429,294.98999,453.550079,193.779999
2013-07-12,61.092857,298.690002,457.027466,193.070007
2013-07-15,60.715714,307.269989,459.163574,192.419998
2013-07-16,60.931427,307.299988,460.569427,194.039993
2013-07-17,61.385715,306.970001,457.524231,194.720001
2013-07-18,61.91143,306.269989,456.525726,198.270004
2013-07-19,61.871429,304.390015,440.440369,197.910004
2013-07-22,61.351429,309.25,448.085632,193.399994
2013-07-23,60.857143,303.160004,452.407532,194.210007
2013-07-24,62.704285,303.019989,450.698639,195.949997
2013-07-25,62.957142,299.0,444.046906,196.300003
2013-07-26,62.185715,299.549988,440.62912,196.589996
2013-07-29,62.971428,311.070007,439.590881,196.830002
2013-07-30,64.279999,307.720001,439.86908,196.990005
2013-07-31,64.998573,303.910004,443.609741,194.490005
2013-08-01,65.10714,303.079987,444.608246,196.649994
2013-08-02,65.43,304.630005,448.800995,195.5
2013-08-05,66.384285,303.399994,449.769684,195.160004
2013-08-06,66.860001,300.51001,449.421936,192.259995
2013-08-07,66.257141,300.149994,444.628113,189.600006
2013-08-08,66.265717,298.519989,444.851654,189.449997
2013-08-09,65.519997,295.679993,442.402588,188.0
2013-08-12,65.265717,295.790009,440.584412,186.970001
2013-08-13,67.277145,295.880005,440.549652,189.539993
2013-08-14,71.125717,294.290009,436.346985,188.580002
2013-08-15,70.917145,288.790009,429.427002,186.229996
2013-08-16,71.449997,286.549988,427.857208,185.539993
2013-08-19,72.048569,285.190002,426.08374,185.300003
2013-08-20,72.815712,285.880005,431.369354,184.369995
2013-08-21,71.941429,285.089996,432.511932,184.669998
2013-08-22,72.139999,284.799988,433.530304,185.649994
2013-08-23,71.895714,291.209991,436.078735,185.339996
2013-08-26,71.535713,290.429993,432.189026,185.270004
2013-08-27,71.14286,283.869995,427.032562,183.630005
2013-08-28,69.428574,280.359985,422.377838,182.679993
2013-08-29,70.235718,281.450012,421.791656,181.960007
2013-08-30,70.285713,284.589996,425.115051,182.75
2013-09-03,70.442856,284.730011,424.419556,183.630005
2013-09-04,71.365715,288.329987,427.395203,183.580002
2013-09-05,71.464287,293.630005,433.927704,183.350006
2013-09-06,71.205711,295.329987,438.368835,184.649994
2013-09-09,72.14286,297.220001,439.009674,183.679993
2013-09-10,72.314285,300.549988,442.134338,187.199997
2013-09-11,66.715714,298.910004,441.399109,186.830002
2013-09-12,66.928574,299.390015,445.800507,190.960007
2013-09-13,67.048569,300.140015,444.359863,191.210007
2013-09-16,65.85714,299.820007,445.204376,193.699997
2013-09-17,63.994286,297.630005,440.837769,193.419998
2013-09-18,66.168571,304.059998,440.311188,192.600006
2013-09-19,67.242859,313.769989,450.067749,194.179993
2013-09-20,68.285713,312.540009,446.292297,193.960007
2013-09-23,70.871429,314.01001,445.179535,190.059998
2013-09-24,70.697144,312.429993,440.385712,190.929993
2013-09-25,69.885712,314.529999,440.410553,190.139999
2013-09-26,69.428574,313.899994,436.312195,190.100006
2013-09-27,69.111427,316.920013,434.583466,188.869995
2013-09-30,68.178574,313.410004,431.731995,185.559998
2013-10-01,68.349998,314.220001,437.280914,185.339996
2013-10-02,69.375717,318.040009,438.512909,185.539993
2013-10-03,70.072861,320.390015,441.130859,184.699997
2013-10-04,69.122856,315.130005,434.672882,184.169998
2013-10-07,69.508568,315.23999,430.922272,181.850006
2013-10-08,69.991432,311.5,429.864136,181.889999
2013-10-09,69.234283,303.420013,425.373352,179.369995
2013-10-10,70.188568,304.630005,429.128937,183.169998
2013-10-11,69.57,304.769989,430.216858,185.25
2013-10-14,69.975716,309.220001,430.529816,185.410004
2013-10-15,71.072861,309.869995,435.050415,185.740005
2013-10-16,71.541428,308.380005,440.072754,185.419998
2013-10-17,71.425713,307.070007,443.609741,173.839996
2013-10-18,72.284286,319.359985,485.134674,174.800003
2013-10-21,73.110001,329.890015,502.461975,174.419998
2013-10-22,75.201431,327.720001,499.252838,173.350006
2013-10-23,74.14286,330.839996,497.265778,175.089996
2013-10-24,75.0,329.630005,512.601013,176.429993
2013-10-25,75.902855,358.600006,511.085876,178.429993
2013-10-28,75.577141,359.920013,504.319885,177.039993
2013-10-29,76.610001,358.959991,506.257294,177.619995
2013-10-30,74.230003,362.619995,515.363037,181.690002
2013-10-31,75.0,361.730011,511.140533,179.649994
2013-11-01,74.860001,365.630005,512.561279,179.809998
2013-11-04,74.442856,360.119995,512.417236,179.899994
2013-11-05,74.940002,356.779999,506.878235,179.539993
2013-11-06,74.878571,360.450012,509.486298,177.910004
2013-11-07,74.225716,355.859985,508.000946,179.600006
2013-11-08,73.511429,345.950012,501.115723,178.830002
2013-11-11,74.284286,350.589996,501.493256,180.190002
2013-11-12,73.952858,352.98999,500.594116,182.529999
2013-11-13,74.0,347.399994,500.122192,182.270004
2013-11-14,74.687141,357.390015,513.619385,180.479996
2013-11-15,75.225716,367.630005,514.091309,182.380005
2013-11-18,74.998573,370.279999,514.528503,183.520004
2013-11-19,74.147141,365.820007,512.526489,184.630005
2013-11-20,74.175713,367.559998,511.647217,185.220001
2013-11-21,73.942856,364.049988,510.181763,185.539993
2013-11-22,74.21714,370.0,513.371033,183.5
2013-11-25,74.431427,373.820007,515.228943,180.25
2013-11-26,74.874283,377.609985,520.911987,178.669998
2013-11-27,76.615715,383.5,527.583557,177.830002
2013-11-29,78.497147,389.100006,527.648132,179.210007
2013-12-02,79.714287,399.0,528.318787,179.460007
2013-12-03,79.757141,390.109985,522.079407,177.0
2013-12-04,80.785713,383.5,522.288025,175.369995
2013-12-05,81.807144,386.649994,525.184204,176.149994
2013-12-06,80.827141,388.350006,531.438477,176.699997
2013-12-09,80.128571,388.109985,532.034607,177.990005
2013-12-10,80.511429,383.73999,534.597961,176.899994
2013-12-11,81.0,387.339996,540.186584,177.0
2013-12-12,80.305717,381.26001,536.296875,175.059998
2013-12-13,80.407143,385.320007,534.225403,173.520004
2013-12-16,79.288574,385.029999,528.562195,173.220001
2013-12-17,79.401428,390.649994,532.943726,177.360001
2013-12-18,78.528572,389.230011,532.461853,176.449997
2013-12-19,78.5,394.269989,536.893005,177.880005
2013-12-20,77.918571,396.549988,540.633728,180.119995
2013-12-23,81.14286,403.690002,550.340576,181.050003
2013-12-24,81.412857,402.519989,553.882507,181.960007
2013-12-26,81.157143,401.790009,553.40564,183.559998
2013-12-27,80.545715,404.649994,556.381287,185.839996
2013-12-30,79.637146,399.410004,556.550171,185.320007
2013-12-31,79.167145,394.579987,552.526367,186.490005
2014-01-02,79.382858,398.799988,554.125916,187.210007
2014-01-03,78.980003,398.290009,553.897461,185.830002
2014-01-06,76.778572,395.850006,552.908875,187.149994
2014-01-07,77.760002,395.040009,558.865112,186.389999
2014-01-08,76.972855,398.470001,569.297241,189.330002
2014-01-09,78.114288,403.709991,568.025513,189.020004
2014-01-10,77.118568,402.529999,565.859619,188.309998
2014-01-13,75.701431,397.980011,559.595398,186.259995
2014-01-14,76.888573,392.130005,565.298279,185.059998
2014-01-15,79.074287,398.940002,572.769714,185.820007
2014-01-16,79.271431,393.679993,570.83728,187.529999
2014-01-17,78.78286,394.26001,574.687195,188.039993
2014-01-21,77.284286,403.0,576.71405,190.229996
2014-01-22,78.701431,408.0,579.535706,181.279999
2014-01-23,78.562859,401.0,576.252014,181.429993
2014-01-24,79.14286,398.160004,571.786072,181.25
2014-01-27,78.581429,390.5,559.41156,179.610001
2014-01-28,72.68,387.399994,551.572571,178.050003
2014-01-29,71.992859,392.160004,555.944092,175.979996
2014-01-30,71.791428,393.769989,568.800476,177.169998
2014-01-31,70.739998,371.76001,581.890381,176.110001
2014-02-03,71.80143,358.980011,585.789978,176.020004
2014-02-04,72.264282,349.589996,565.318176,173.529999
2014-02-05,72.365715,346.0,567.995728,172.190002
2014-02-06,72.865715,347.399994,571.845703,173.970001
2014-02-07,74.482857,358.980011,580.042358,175.639999
2014-02-10,74.094284,361.609985,582.113892,176.970001
2014-02-11,75.80143,361.839996,586.271851,176.809998
2014-02-12,76.707146,356.429993,590.658325,179.520004
2014-02-13,76.379997,347.700012,586.559998,178.220001
2014-02-14,77.495712,359.339996,593.941956,181.259995
2014-02-18,78.0,355.279999,596.823242,183.179993
2014-02-19,77.821426,352.640015,598.755676,182.740005
2014-02-20,76.141426,348.799988,597.682678,182.960007
2014-02-21,76.112854,352.440002,600.002563,184.25
2014-02-24,74.735718,345.190002,598.785461,182.820007
2014-02-25,75.625717,353.0,604.041321,183.520004
2014-02-26,74.80143,359.859985,608.045227,183.940002
2014-02-27,73.877144,357.220001,605.258362,183.830002
2014-02-28,75.582855,360.600006,606.227051,185.380005
2014-03-03,74.774284,358.73999,599.476013,183.330002
2014-03-04,75.85714,363.899994,603.574341,185.809998
2014-03-05,75.845711,364.130005,603.599182,186.570007
2014-03-06,76.112854,374.049988,607.190796,187.369995
2014-03-07,75.870003,374.579987,609.436218,188.350006
2014-03-10,75.480003,372.690002,603.917114,187.550003
2014-03-11,76.492859,370.98999,602.963318,187.410004
2014-03-12,76.358574,366.399994,594.334412,186.009995
2014-03-13,76.777145,376.619995,600.072083,186.410004
2014-03-14,75.541428,372.799988,587.175964,183.889999
2014-03-17,75.385712,375.720001,585.814819,182.660004
2014-03-18,75.128571,377.320007,593.475037,185.990005
2014-03-19,76.03714,378.769989,601.98468,185.600006
2014-03-20,75.69857,370.640015,596.097961,184.470001
2014-03-21,75.989998,371.0,599.257385,188.5
2014-03-24,76.917145,360.089996,588.26886,187.429993
2014-03-25,77.35714,354.029999,579.232666,188.759995
2014-03-26,78.074287,357.130005,577.250549,194.979996
2014-03-27,77.145714,343.149994,564.893921,191.910004
2014-03-28,76.902855,340.049988,558.131104,189.940002
2014-03-31,77.03286,342.399994,563.789978,191.639999
2014-04-01,76.822861,338.089996,555.654724,193.119995
2014-04-02,77.482857,345.98999,596.708984,194.240005
2014-04-03,77.341431,341.820007,566.733765,193.199997
2014-04-04,77.115715,335.149994,571.507568,193.119995
2014-04-07,75.431427,320.98999,537.782959,191.720001
2014-04-08,75.027145,321.880005,539.632813,193.889999
2014-04-09,74.662857,328.470001,556.559753,193.880005
2014-04-10,75.811432,330.600006,561.910339,196.059998
2014-04-11,74.14286,314.0,529.637756,195.039993
2014-04-14,74.557144,317.670013,535.30658,196.240005
2014-04-15,74.324287,316.700012,533.884399,195.979996
2014-04-16,74.007141,321.170013,540.03064,198.050003
2014-04-17,74.285713,319.76001,545.808838,187.25
2014-04-21,75.048569,323.970001,533.168335,189.800003
2014-04-22,75.472855,332.0,525.749146,192.009995
2014-04-23,75.580002,333.059998,530.870972,191.789993
2014-04-24,81.172859,329.670013,527.171326,192.220001
2014-04-25,80.647141,316.25,519.652649,190.539993
2014-04-28,81.828575,304.0,514.351807,191.139999
2014-04-29,84.82,296.440002,514.073364,193.589996
2014-04-30,84.662857,298.100006,524.714844,194.380005
2014-05-01,84.571426,304.130005,524.227539,196.309998
2014-05-02,84.620003,310.420013,530.841125,193.75
2014-05-05,84.305717,306.369995,521.950012,191.050003
2014-05-06,85.971428,309.529999,522.357788,190.929993
2014-05-07,85.035713,295.559998,512.969421,189.339996
2014-05-08,84.035713,290.820007,505.679504,189.160004
2014-05-09,83.505714,290.570007,507.95697,188.979996
2014-05-12,83.927139,294.299988,520.647217,191.119995
2014-05-13,84.571426,302.600006,527.986816,192.789993
2014-05-14,84.632858,302.5,530.085327,191.910004
2014-05-15,84.957146,298.019989,522.825195,189.070007
2014-05-16,84.089996,292.799988,518.538818,186.270004
2014-05-19,85.407143,295.76001,516.858032,186.610001
2014-05-20,86.358574,297.100006,526.84314,186.25
2014-05-21,86.261429,302.209991,529.98584,185.850006
2014-05-22,86.657143,305.049988,538.170837,186.449997
2014-05-23,86.75,305.459991,544.267334,185.839996
2014-05-27,87.982857,314.410004,552.959534,184.800003
2014-05-28,89.431427,309.5,561.482666,184.479996
2014-05-29,89.692856,310.420013,560.269348,183.639999
2014-05-30,91.139999,314.429993,557.733276,183.380005
2014-06-02,90.565712,312.589996,557.63385,184.759995
2014-06-03,89.779999,305.75,547.976929,185.550003
2014-06-04,91.062859,306.850006,538.538818,184.710007
2014-06-05,92.314285,308.100006,543.412048,184.660004
2014-06-06,92.842857,325.0,555.00824,186.470001
2014-06-09,92.699997,331.570007,554.103271,186.220001
2014-06-10,94.730003,327.649994,557.444885,186.199997
2014-06-11,94.129997,336.0,554.948608,183.610001
2014-06-12,94.040001,335.549988,554.252441,182.479996
2014-06-13,92.199997,327.049988,549.23999,182.0
2014-06-16,91.510002,324.859985,546.256409,182.399994
2014-06-17,92.309998,327.540009,541.22406,181.899994
2014-06-18,92.269997,328.0,541.880432,182.039993
2014-06-19,92.290001,335.26001,551.209167,184.119995
2014-06-20,91.849998,327.76001,553.804871,182.589996
2014-06-23,91.32,323.329987,552.114197,181.919998
2014-06-24,90.75,327.540009,562.099304,181.5
2014-06-25,90.209999,324.329987,562.168884,180.25
2014-06-26,90.370003,328.48999,577.822815,180.869995
2014-06-27,90.82,325.880005,574.023682,179.770004
2014-06-30,92.099998,324.980011,575.495605,181.330002
2014-07-01,93.519997,325.859985,575.157471,181.699997
2014-07-02,93.870003,333.200012,580.159973,186.339996
2014-07-03,93.669998,334.829987,580.159973,188.389999
2014-07-07,94.139999,337.5,580.567749,187.610001
2014-07-08,96.269997,333.100006,574.501099,187.649994
2014-07-09,95.440002,324.709991,568.454346,187.679993
2014-07-10,93.760002,324.339996,562.815369,186.440002
2014-07-11,95.360001,334.709991,568.782532,187.729996
2014-07-14,95.860001,347.029999,579.414063,188.550003
2014-07-15,96.800003,353.720001,582.536926,189.539993
2014-07-16,96.970001,355.619995,584.784546,192.240005
2014-07-17,95.029999,353.440002,576.36084,192.360001
2014-07-18,93.620003,354.399994,589.757202,191.960007
2014-07-21,94.989998,358.100006,588.514038,191.300003
2014-07-22,94.68,355.25,587.489685,191.589996
2014-07-23,95.419998,359.049988,589.985962,194.110001
2014-07-24,97.040001,359.980011,593.188354,193.949997
2014-07-25,96.849998,317.299988,587.171387,195.300003
2014-07-28,97.82,324.25,584.854187,194.300003
2014-07-29,99.330002,321.980011,585.530457,195.300003
2014-07-30,98.440002,321.450012,583.342468,195.199997
2014-07-31,97.160004,320.01001,577.424988,192.839996
2014-08-01,94.900002,313.690002,567.280762,190.5
2014-08-04,96.370003,308.839996,565.928223,189.350006
2014-08-05,95.360001,313.299988,566.932678,188.75
2014-08-06,94.75,310.829987,558.707947,185.360001
2014-08-07,94.93,315.209991,564.893921,186.639999
2014-08-08,94.260002,311.940002,560.47821,184.399994
2014-08-11,95.269997,318.480011,566.873047,187.809998
2014-08-12,96.040001,318.890015,561.432922,187.449997
2014-08-13,96.150002,327.600006,564.207703,188.0
2014-08-14,97.330002,327.799988,573.029175,187.570007
2014-08-15,97.900002,334.0,574.700012,187.850006
2014-08-18,98.489998,335.480011,572.959534,188.100006
2014-08-19,99.410004,334.869995,581.800964,190.039993
2014-08-20,100.440002,334.679993,582.676147,189.860001
2014-08-21,100.57,336.480011,580.62738,190.899994
2014-08-22,100.290001,332.98999,580.398682,190.770004
2014-08-25,101.790001,333.209991,581.522461,191.389999
2014-08-26,101.419998,337.0,578.081421,191.020004
2014-08-27,101.019997,342.089996,574.11322,193.029999
2014-08-28,101.589996,340.0,566.445374,191.470001
2014-08-29,102.860001,341.76001,568.205688,192.279999
2014-09-02,103.059998,339.980011,568.722839,192.679993
2014-09-03,103.099998,342.540009,576.828308,192.389999
2014-09-04,98.849998,343.690002,576.828308,191.690002
2014-09-05,98.800003,346.299988,580.786499,190.529999
2014-09-08,99.300003,344.540009,583.392212,190.75
2014-09-09,99.080002,341.609985,585.679626,190.339996
2014-09-10,98.010002,334.299988,578.320068,190.119995
2014-09-11,100.410004,329.940002,577.18634,191.080002
2014-09-12,101.209999,329.559998,577.822815,191.470001
2014-09-15,102.809998,330.910004,569.806885,191.419998
2014-09-16,99.800003,321.070007,569.627869,191.25
2014-09-17,101.269997,327.76001,576.838257,193.220001
2014-09-18,101.93,325.440002,583.790039,192.789993
2014-09-19,102.290001,327.600006,588.265381,194.539993
2014-09-22,101.800003,328.48999,590.572693,193.720001
2014-09-23,100.599998,322.459991,583.640808,192.75
2014-09-24,102.160004,324.170013,578.280273,191.0
2014-09-25,100.510002,327.98999,584.336975,192.050003
2014-09-26,98.529999,320.600006,572.909851,188.929993
2014-09-29,98.650002,320.5,568.623413,188.509995
2014-09-30,100.809998,321.359985,573.775085,189.639999
2014-10-01,100.589996,322.040009,572.860107,189.910004
2014-10-02,99.269997,316.920013,564.207703,187.660004
2014-10-03,99.440002,320.359985,569.916321,188.110001
2014-10-06,99.949997,323.5,575.634827,189.690002
2014-10-07,99.43,319.429993,571.258911,187.770004
2014-10-08,98.760002,316.579987,562.477173,185.970001
2014-10-09,101.540001,321.48999,568.056519,189.119995
2014-10-10,100.690002,314.019989,554.670105,185.860001
2014-10-13,101.330002,309.869995,542.009766,185.490005
2014-10-14,100.389999,308.0,535.953064,184.889999
2014-10-15,97.970001,304.350006,528.106201,182.460007
2014-10-16,95.550003,293.829987,516.161865,179.800003
2014-10-17,97.5,307.149994,524.36676,181.240005
2014-10-20,98.32,302.950012,506.664093,166.850006
2014-10-21,103.019997,309.899994,522.317993,166.399994
2014-10-22,102.839996,315.429993,526.99231,162.410004
2014-10-23,104.080002,313.399994,536.370728,162.119995
2014-10-24,105.18,284.399994,541.383179,162.080002
2014-10-27,104.849998,285.700012,534.093262,162.0
2014-10-28,105.400002,289.76001,540.03064,162.0
2014-10-29,106.650002,299.109985,546.992371,164.330002
2014-10-30,106.959999,293.980011,545.948059,163.5
2014-10-31,108.010002,305.149994,556.291199,165.479996
2014-11-03,108.220001,306.23999,552.46228,164.25
2014-11-04,109.360001,303.98999,549.975952,164.339996
2014-11-05,109.099998,303.01001,553.755127,163.130005
2014-11-06,108.599998,296.690002,542.516968,161.279999
2014-11-07,108.75,297.820007,543.223083,161.419998
2014-11-10,109.019997,300.0,538.499023,161.899994
2014-11-11,108.699997,305.940002,545.490601,163.699997
2014-11-12,109.379997,310.75,547.380188,162.279999
2014-11-13,111.800003,312.0,546.793457,162.0
2014-11-14,113.150002,317.119995,543.690491,162.100006
2014-11-17,114.269997,326.440002,540.607422,164.160004
2014-11-18,113.940002,323.98999,534.560669,164.729996
2014-11-19,115.440002,327.25,532.074341,162.050003
2014-11-20,114.910004,324.0,528.344849,160.949997
2014-11-21,117.510002,335.420013,538.648193,161.830002
2014-11-24,116.849998,334.779999,534.7099,161.539993
2014-11-25,119.07,335.269989,536.05249,162.649994
2014-11-26,117.940002,333.779999,537.922241,161.929993
2014-11-28,119.269997,336.029999,537.663635,162.75
2014-12-01,118.809998,338.119995,535.953064,161.639999
2014-12-02,113.5,327.5,530.592529,162.470001
2014-12-03,115.75,325.730011,528.533813,162.470001
2014-12-04,115.769997,315.529999,528.255371,164.009995
2014-12-05,115.989998,316.799988,528.096252,163.610001
2014-12-08,114.099998,311.570007,524.247375,163.289993
2014-12-09,110.190002,302.98999,519.284668,160.839996
2014-12-10,114.410004,312.0,530.164856,163.009995
2014-12-11,112.260002,307.890015,524.913757,160.820007
2014-12-12,110.459999,303.98999,520.647217,160.25
2014-12-15,110.699997,308.869995,519.881409,155.929993
2014-12-16,106.370003,304.350006,508.762543,152.029999
2014-12-17,107.120003,296.369995,494.282166,151.520004
2014-12-18,111.870003,304.01001,510.144958,153.580002
2014-12-19,112.260002,296.910004,508.71283,157.490005
2014-12-22,112.160004,301.940002,513.257813,158.330002
2014-12-23,113.230003,306.980011,524.118103,162.229996
2014-12-24,112.580002,306.380005,527.608948,162.880005
2014-12-26,112.099998,305.0,525.878418,162.270004
2014-12-29,113.790001,307.850006,529.279724,162.0
2014-12-30,113.639999,309.910004,525.202148,160.020004
2014-12-31,112.82,311.549988,528.344849,160.410004
2015-01-02,111.389999,312.579987,526.114746,161.309998
2015-01-05,108.290001,307.01001,520.39624,161.270004
2015-01-06,106.540001,302.23999,512.181458,159.669998
2015-01-07,107.199997,297.5,504.22522,157.199997
2015-01-08,109.230003,300.320007,495.264526,156.240005
2015-01-09,112.669998,301.480011,501.997498,158.419998
2015-01-12,112.599998,297.559998,492.231232,159.0
2015-01-13,111.43,297.480011,496.109894,157.259995
2015-01-14,109.040001,291.929993,491.94281,154.860001
2015-01-15,110.0,294.0,502.80304,156.690002
2015-01-16,107.029999,286.279999,497.273468,153.820007
2015-01-20,107.839996,292.589996,508.203339,156.699997
2015-01-21,108.949997,289.640015,504.473846,153.029999
2015-01-22,110.260002,300.0,518.625977,151.940002
2015-01-23,112.300003,308.079987,532.658752,155.029999
2015-01-26,113.739998,311.820007,535.582642,158.259995
2015-01-27,112.419998,306.299988,527.069519,154.940002
2015-01-28,117.629997,309.809998,519.918884,154.0
2015-01-29,116.32,304.730011,508.203339,151.380005
2015-01-30,118.400002,346.320007,513.036743,153.910004
2015-02-02,118.050003,350.049988,528.819885,154.0
2015-02-03,118.5,360.290009,525.110291,154.75
2015-02-04,118.5,358.380005,526.343506,157.210007
2015-02-05,120.019997,366.0,520.92334,157.289993
2015-02-06,120.019997,374.869995,524.752258,157.339996
2015-02-09,118.550003,371.0,525.110291,156.0
2015-02-10,120.169998,371.190002,526.403198,156.740005
2015-02-11,122.769997,371.230011,532.370361,157.759995
2015-02-12,126.059998,375.100006,534.309692,158.720001
2015-02-13,127.279999,378.410004,540.376282,158.779999
2015-02-17,127.489998,377.720001,543.837219,159.75
2015-02-18,127.629997,373.779999,538.436951,161.860001
2015-02-19,128.479996,373.48999,535.097717,162.050003
2015-02-20,128.619995,378.619995,540.157471,163.639999
2015-02-23,130.020004,383.440002,533.116211,164.229996
2015-02-24,132.940002,378.649994,527.099365,162.490005
2015-02-25,131.559998,377.269989,532.967041,164.940002
2015-02-26,128.789993,384.070007,540.237061,163.740005
2015-02-27,130.0,384.0,551.206665,160.869995
2015-03-02,129.25,380.850006,557.46228,161.940002
2015-03-03,128.960007,383.950012,567.327942,160.270004
2015-03-04,129.100006,385.709991,568.740173,160.539993
2015-03-05,128.580002,385.609985,571.872925,159.860001
2015-03-06,128.399994,385.519989,571.733704,160.190002
2015-03-09,127.959999,378.399994,563.757629,158.199997
2015-03-10,126.410004,377.450012,561.161926,159.600006
2015-03-11,124.75,370.609985,552.101746,158.570007
2015-03-12,122.309998,368.820007,550.480652,156.270004
2015-03-13,124.400002,371.519989,550.470703,157.460007
2015-03-16,123.879997,370.380005,547.934692,155.050003
2015-03-17,125.900002,371.109985,548.690552,156.199997
2015-03-18,127.0,369.970001,549.476196,156.850006
2015-03-19,128.75,373.869995,556.328491,159.699997
2015-03-20,128.25,376.290009,558.576111,160.949997
2015-03-23,127.120003,378.070007,557.362793,162.770004
2015-03-24,127.230003,373.98999,559.48114,164.789993
2015-03-25,126.540001,375.170013,567.377686,163.080002
2015-03-26,122.760002,369.589996,554.53833,159.270004
2015-03-27,124.57,367.109985,549.97345,160.789993
2015-03-30,124.050003,371.869995,548.601013,161.309998
2015-03-31,126.089996,373.23999,546.989868,161.080002
2015-04-01,124.82,372.100006,545.597534,160.229996
2015-04-02,125.029999,370.5,537.889954,159.520004
2015-04-06,124.470001,370.100006,529.30719,159.690002
2015-04-07,127.639999,376.149994,535.135132,161.669998
2015-04-08,125.849998,374.660004,535.433472,161.720001
2015-04-09,125.849998,380.660004,538.06897,161.699997
2015-04-10,125.949997,384.309998,539.322083,162.339996
2015-04-13,128.369995,383.529999,535.463318,162.369995
2015-04-14,127.0,383.51001,533.315125,162.419998
2015-04-15,126.410004,384.649994,525.808838,162.630005
2015-04-16,126.279999,383.690002,526.999878,163.309998
2015-04-17,125.550003,382.630005,525.766663,161.75
2015-04-20,125.57,378.549988,522.72345,162.100006
2015-04-21,128.100006,391.309998,534.570618,166.070007
2015-04-22,126.989998,391.910004,531.475281,164.389999
2015-04-23,128.300003,390.209991,538.039124,165.229996
2015-04-24,130.490005,439.0,563.00177,170.229996
2015-04-27,132.309998,443.859985,563.390015,170.889999
2015-04-28,134.460007,438.51001,554.640015,170.830002
2015-04-29,130.160004,426.75,550.469971,173.399994
2015-04-30,128.639999,427.109985,547.869995,173.770004
2015-05-01,126.099998,423.820007,538.429993,173.199997
2015-05-04,129.5,424.799988,538.530029,174.470001
2015-05-05,128.149994,422.850006,538.210022,173.509995
2015-05-06,126.559998,421.429993,531.23999,172.899994
2015-05-07,124.769997,424.149994,523.98999,169.630005
2015-05-08,126.68,430.75,536.650024,172.940002
2015-05-11,127.389999,432.51001,538.369995,172.649994
2015-05-12,125.599998,431.079987,531.599976,170.550003
2015-05-13,126.150002,429.980011,530.559998,171.240005
2015-05-14,127.410004,429.450012,533.77002,173.5
2015-05-15,129.070007,428.0,539.179993,173.910004
2015-05-18,128.380005,426.0,532.01001,173.440002
2015-05-19,130.690002,424.869995,533.97998,172.970001
2015-05-20,130.0,420.600006,538.48999,173.330002
2015-05-21,130.070007,428.0,537.950012,173.320007
2015-05-22,131.600006,431.549988,540.150024,173.039993
2015-05-26,132.600006,426.200012,538.119995,172.110001
2015-05-27,130.339996,427.450012,532.799988,171.160004
2015-05-28,131.860001,429.709991,538.01001,171.449997
2015-05-29,131.229996,427.230011,537.369995,171.350006
2015-06-01,130.279999,430.399994,536.789978,170.210007
2015-06-02,129.860001,430.070007,532.929993,169.660004
2015-06-03,130.660004,434.399994,539.909973,170.5
2015-06-04,129.580002,434.399994,537.76001,169.529999
2015-06-05,129.5,429.660004,536.349976,168.25
2015-06-08,128.899994,425.619995,533.309998,167.169998
2015-06-09,126.699997,422.959991,527.559998,165.339996
2015-06-10,127.919998,426.459991,529.359985,166.490005
2015-06-11,129.179993,432.290009,538.424988,169.259995
2015-06-12,128.190002,431.25,531.599976,168.229996
2015-06-15,126.099998,427.660004,528.0,166.990005
2015-06-16,127.029999,424.149994,528.400024,166.330002
2015-06-17,127.720001,428.359985,529.369995,167.0
2015-06-18,127.230003,430.299988,531.0,167.050003
2015-06-19,127.709999,440.26001,537.210022,167.619995
2015-06-22,127.489998,437.0,539.590027,167.649994
2015-06-23,127.480003,435.589996,539.640015,168.380005
2015-06-24,127.209999,444.970001,540.0,168.710007
2015-06-25,128.860001,438.070007,538.869995,167.800003
2015-06-26,127.669998,441.76001,537.26001,166.229996
2015-06-29,125.459999,434.980011,525.01001,163.919998
2015-06-30,125.57,434.200012,526.02002,163.990005
2015-07-01,126.900002,439.350006,524.72998,163.970001
2015-07-02,126.43,437.0,521.080017,165.050003
2015-07-06,124.940002,435.230011,519.5,163.830002
2015-07-07,125.889999,435.679993,523.130005,164.940002
2015-07-08,124.480003,434.350006,521.049988,164.0
2015-07-09,123.849998,434.899994,523.119995,165.339996
2015-07-10,121.940002,440.48999,526.289978,165.660004
2015-07-13,125.029999,448.290009,532.880005,167.929993
2015-07-14,126.040001,462.320007,546.76001,169.429993
2015-07-15,125.720001,463.040009,560.130005,168.479996
2015-07-16,127.739998,465.5,565.119995,169.470001
2015-07-17,129.080002,477.700012,649.0,170.330002
2015-07-20,130.970001,492.570007,659.23999,172.789993
2015-07-21,132.850006,487.899994,655.210022,164.339996
2015-07-22,121.989998,485.98999,660.890015,162.729996
2015-07-23,126.199997,491.660004,661.27002,160.270004
2015-07-24,125.32,578.98999,647.0,161.289993
2015-07-27,123.089996,527.75,621.0,159.0
2015-07-28,123.379997,536.0,632.830017,159.910004
2015-07-29,123.150002,530.919983,628.799988,160.0
2015-07-30,122.32,527.650024,630.0,160.5
2015-07-31,122.599998,539.090027,631.380005,161.399994
2015-08-03,121.5,537.450012,625.340027,161.699997
2015-08-04,117.419998,529.690002,628.419983,158.399994
2015-08-05,112.949997,538.799988,634.330017,159.100006
2015-08-06,115.970001,539.299988,645.0,157.130005
2015-08-07,114.580002,529.159973,640.22998,155.889999
2015-08-10,116.529999,528.52002,639.47998,156.770004
2015-08-11,117.809998,523.650024,669.200012,155.960007
2015-08-12,112.529999,523.75,663.080017,154.259995
2015-08-13,116.040001,527.369995,659.322021,156.059998
2015-08-14,114.32,528.25,655.01001,155.0
2015-08-17,116.040001,531.289978,656.799988,155.199997
2015-08-18,116.43,535.039978,661.900024,155.509995
2015-08-19,116.099998,533.73999,656.599976,155.149994
2015-08-20,114.080002,530.390015,655.460022,152.740005
2015-08-21,110.43,507.359985,639.780029,151.5
2015-08-24,94.870003,463.579987,573.0,143.470001
2015-08-25,111.110001,487.48999,614.909973,146.940002
2015-08-26,107.089996,484.019989,610.349976,144.089996
2015-08-27,112.230003,513.710022,639.400024,148.5
2015-08-28,112.169998,517.5,632.820007,147.75
2015-08-31,112.029999,516.440002,627.539978,147.380005
2015-09-01,110.150002,499.140015,602.359985,144.910004
2015-09-02,110.230003,505.089996,605.590027,144.740005
2015-09-03,112.489998,514.5,617.0,146.050003
2015-09-04,108.970001,497.649994,600.0,144.570007
2015-09-08,111.75,508.690002,612.48999,145.860001
2015-09-09,113.760002,524.0,621.219971,148.740005
2015-09-10,110.269997,515.150024,613.099976,145.850006
2015-09-11,111.790001,521.070007,619.75,145.910004
2015-09-14,116.580002,529.440002,625.700012,147.369995
2015-09-15,115.93,523.25,626.700012,146.600006
2015-09-16,116.25,521.97998,635.469971,147.839996
2015-09-17,115.660004,526.97998,637.789978,148.100006
2015-09-18,112.209999,534.619995,636.789978,146.050003
2015-09-21,113.669998,544.330017,634.400024,145.389999
2015-09-22,113.379997,539.710022,627.0,144.619995
2015-09-23,113.629997,538.299988,622.049988,144.210007
2015-09-24,113.25,530.549988,616.640015,142.600006
2015-09-25,116.440002,542.570007,629.77002,145.550003
2015-09-28,113.849998,520.02002,610.340027,144.419998
2015-09-29,112.830002,506.0,597.280029,141.990005
2015-09-30,110.169998,505.440002,603.280029,143.690002
2015-10-01,109.07,511.0,608.369995,145.309998
2015-10-02,108.010002,512.98999,607.200012,141.050003
2015-10-05,109.879997,536.98999,632.0,145.820007
2015-10-06,110.629997,545.5,638.840027,149.059998
2015-10-07,111.739998,541.789978,649.23999,150.039993
2015-10-08,110.190002,536.710022,641.359985,149.690002
2015-10-09,110.0,534.47998,640.0,152.460007
2015-10-12,112.730003,539.960022,642.090027,152.399994
2015-10-13,110.82,546.26001,643.150024,150.779999
2015-10-14,111.290001,551.340027,653.210022,149.600006
2015-10-15,110.93,547.75,654.659973,150.910004
2015-10-16,111.779999,565.27002,664.109985,150.449997
2015-10-19,110.800003,570.76001,661.179993,149.850006
2015-10-20,111.339996,572.0,664.039978,142.490005
2015-10-21,114.0,563.869995,654.150024,140.25
2015-10-22,114.330002,562.700012,646.700012,141.740005
2015-10-23,116.699997,617.679993,727.5,144.610001
2015-10-26,118.080002,602.299988,701.549988,144.75
2015-10-27,115.400002,608.599976,707.380005,143.509995
2015-10-28,116.93,612.299988,707.330017,137.919998
2015-10-29,118.699997,617.700012,710.5,140.360001
2015-10-30,120.989998,626.01001,715.72998,140.440002
2015-11-02,120.800003,627.130005,711.059998,140.5
2015-11-03,120.790001,629.530029,718.859985,140.020004
2015-11-04,123.129997,627.76001,722.0,142.550003
2015-11-05,121.849998,647.099976,729.469971,141.610001
2015-11-06,121.110001,655.0,731.5,138.600006
2015-11-09,120.959999,658.650024,730.200012,137.919998
2015-11-10,116.900002,651.01001,724.400024,135.360001
2015-11-11,116.370003,663.25,732.460022,136.089996
2015-11-12,116.260002,673.0,731.0,134.699997
2015-11-13,115.199997,663.570007,729.169983,132.949997
2015-11-16,111.379997,640.919983,715.599976,131.789993
2015-11-17,114.919998,650.650024,729.289978,134.220001
2015-11-18,115.760002,646.51001,727.580017,134.789993
2015-11-19,117.639999,664.98999,738.73999,136.210007
2015-11-20,119.199997,667.940002,746.530029,137.369995
2015-11-23,119.269997,671.5,757.450012,138.529999
2015-11-24,117.330002,674.140015,752.0,137.649994
2015-11-25,119.209999,675.0,748.140015,138.369995
2015-11-27,118.290001,680.799988,748.460022,138.0
2015-11-30,117.989998,675.900024,748.809998,138.610001
2015-12-01,118.75,673.75,747.109985,139.580002
2015-12-02,117.339996,681.0,768.900024,140.929993
2015-12-03,116.550003,679.440002,766.01001,140.100006
2015-12-04,115.290001,666.0,753.099976,138.089996
2015-12-07,118.980003,674.73999,767.77002,140.160004
2015-12-08,117.519997,663.130005,757.890015,138.279999
2015-12-09,117.639999,678.0,759.169983,137.380005
2015-12-10,116.040001,665.590027,752.849976,137.029999
2015-12-11,115.190002,651.22998,741.159973,135.229996
2015-12-14,112.18,641.75,741.789978,135.309998
2015-12-15,111.940002,665.030029,753.0,137.399994
2015-12-16,111.07,663.559998,750.0,139.119995
2015-12-17,112.019997,680.0,762.419983,139.350006
2015-12-18,108.910004,668.650024,746.51001,136.410004
2015-12-21,107.279999,668.5,746.130005,135.830002
2015-12-22,107.400002,666.830017,751.650024,135.880005
2015-12-23,107.269997,666.5,753.469971,138.300003
2015-12-24,109.0,663.349976,749.549988,138.429993
2015-12-28,107.589996,665.559998,752.919983,137.740005
2015-12-29,106.959999,677.97998,766.690002,138.25
2015-12-30,108.580002,691.890015,776.599976,139.580002
2015-12-31,107.010002,686.080017,769.5,139.070007
2016-01-04,102.610001,656.289978,743.0,135.600006
2016-01-05,105.75,646.859985,746.450012,136.759995
2016-01-06,100.559998,622.0,730.0,134.380005
2016-01-07,98.68,621.799988,730.309998,133.699997
2016-01-08,98.550003,619.659973,731.450012,133.179993
2016-01-11,98.970001,612.47998,716.609985,131.809998
2016-01-12,100.550003,625.25,721.679993,133.649994
2016-01-13,100.32,620.880005,730.849976,133.5
2016-01-14,97.959999,580.25,705.380005,131.929993
2016-01-15,96.199997,572.23999,692.289978,130.009995
2016-01-19,98.410004,577.090027,703.299988,130.110001
2016-01-20,95.099998,564.359985,688.609985,118.459999
2016-01-21,97.059998,573.580017,702.179993,121.300003
2016-01-22,98.629997,588.72998,723.599976,124.669998
2016-01-25,101.519997,597.98999,723.580017,122.099998
2016-01-26,99.93,603.450012,713.849976,122.25
2016-01-27,96.040001,601.98999,713.669983,122.730003
2016-01-28,93.790001,608.369995,722.219971,121.260002
2016-01-29,94.790001,571.97998,731.530029,123.279999
2016-02-01,96.470001,578.150024,750.460022,124.400002
2016-02-02,95.419998,570.0,784.5,123.669998
2016-02-03,95.0,553.5,770.219971,123.989998
2016-02-04,95.860001,525.0,722.809998,125.080002
2016-02-05,96.519997,529.280029,703.869995,127.220001
2016-02-08,93.129997,486.470001,667.849976,126.0
2016-02-09,94.290001,478.01001,672.320007,126.120003
2016-02-10,95.919998,491.76001,686.859985,125.0
2016-02-11,93.790001,491.170013,675.0,118.779999
2016-02-12,94.190002,510.700012,690.26001,119.260002
2016-02-16,95.019997,519.47998,692.97998,121.830002
2016-02-17,96.669998,528.73999,698.090027,123.709999
2016-02-18,98.839996,541.190002,710.0,130.0
2016-02-19,96.0,520.710022,695.030029,132.360001
2016-02-22,96.309998,542.200012,707.450012,133.080002
2016-02-23,96.400002,555.549988,701.450012,133.139999
2016-02-24,93.980003,545.75,688.919983,131.550003
2016-02-25,96.050003,555.52002,700.01001,133.289993
2016-02-26,97.199997,560.119995,708.580017,134.509995
2016-02-29,96.860001,554.0,700.320007,132.0
2016-03-01,97.650002,556.289978,703.619995,132.240005
2016-03-02,100.510002,581.75,719.0,133.699997
2016-03-03,100.580002,577.960022,718.679993,137.220001
2016-03-04,102.370003,581.070007,714.98999,137.539993
2016-03-07,102.389999,573.539978,706.900024,137.279999
2016-03-08,100.779999,557.869995,688.590027,139.710007
2016-03-09,101.309998,559.559998,698.469971,139.309998
2016-03-10,101.410004,566.73999,708.119995,141.240005
2016-03-11,102.239998,566.950012,720.0,141.729996
2016-03-14,101.910004,567.0,726.809998,142.009995
2016-03-15,103.959999,571.0,726.919983,141.740005
2016-03-16,104.610001,576.640015,726.369995,142.619995
2016-03-17,105.519997,569.51001,736.450012,144.779999
2016-03-18,106.339996,560.940002,741.859985,147.399994
2016-03-21,105.93,548.909973,736.5,147.300003
2016-03-22,105.25,545.109985,737.460022,148.059998
2016-03-23,106.480003,561.0,742.359985,148.0
2016-03-24,105.470001,567.109985,732.01001,144.979996
2016-03-28,106.0,584.400024,736.789978,147.75
2016-03-29,104.889999,580.150024,734.590027,147.589996
2016-03-30,108.650002,596.710022,750.099976,149.949997
2016-03-31,109.720001,599.280029,749.25,149.789993
2016-04-01,108.779999,590.48999,738.599976,150.509995
2016-04-04,110.419998,599.0,750.059998,152.339996
2016-04-05,109.510002,590.77002,738.0,151.429993
2016-04-06,110.230003,587.52002,735.77002,149.899994
2016-04-07,109.949997,598.76001,745.369995,149.070007
2016-04-08,108.910004,594.320007,743.969971,149.059998
2016-04-11,108.970001,596.140015,743.02002,150.259995
2016-04-12,109.339996,598.400024,738.0,149.610001
2016-04-13,110.800003,607.679993,749.159973,150.75
2016-04-14,111.620003,615.070007,754.01001,151.5
2016-04-15,112.110001,621.919983,753.97998,151.039993
2016-04-18,108.889999,625.349976,760.460022,151.720001
2016-04-19,107.879997,637.140015,769.51001,146.470001
2016-04-20,106.639999,630.0,758.0,144.240005
2016-04-21,106.93,631.0,755.380005,146.580002
2016-04-22,105.010002,624.469971,726.299988,149.440002
2016-04-25,105.0,616.609985,716.099976,148.160004
2016-04-26,103.910004,626.169983,725.419983,148.649994
2016-04-27,96.0,611.799988,707.289978,149.350006
2016-04-28,97.610001,615.539978,708.26001,149.75
2016-04-29,93.989998,666.0,690.700012,146.490005
2016-05-02,93.970001,663.919983,697.630005,146.559998
2016-05-03,94.199997,677.359985,696.869995,144.649994
2016-05-04,95.199997,662.590027,690.48999,143.360001
2016-05-05,94.0,673.309998,697.700012,145.949997
2016-05-06,93.370003,656.049988,698.380005,144.860001
2016-05-09,93.0,673.950012,712.0,147.699997
2016-05-10,93.330002,694.0,716.75,148.240005
2016-05-11,93.480003,705.789978,723.409973,149.710007
2016-05-12,92.720001,717.380005,717.059998,149.210007
2016-05-13,90.0,714.640015,711.929993,148.789993
2016-05-16,92.389999,710.130005,709.130005,147.649994
2016-05-17,94.550003,709.900024,715.98999,149.210007
2016-05-18,94.160004,689.559998,703.669983,147.990005
2016-05-19,94.639999,691.880005,702.359985,146.479996
2016-05-20,94.639999,701.049988,701.619995,145.710007
2016-05-23,95.870003,704.25,706.530029,147.610001
2016-05-24,97.220001,698.01001,706.859985,146.880005
2016-05-25,98.669998,708.0,720.76001,148.929993
2016-05-26,99.68,708.330017,722.869995,151.550003
2016-05-27,99.440002,715.0,724.01001,152.350006
2016-05-31,99.599998,712.330017,731.73999,152.559998
2016-06-01,99.019997,720.900024,734.530029,153.0
2016-06-02,97.599998,720.969971,732.5,152.589996
2016-06-03,97.790001,726.73999,729.27002,152.399994
2016-06-06,97.989998,726.5,724.909973,153.089996
2016-06-07,99.25,729.890015,719.840027,153.309998
2016-06-08,99.019997,726.400024,723.960022,153.529999
2016-06-09,98.5,723.099976,722.869995,152.919998
2016-06-10,98.529999,722.349976,719.469971,152.789993
2016-06-13,98.690002,714.01001,716.51001,151.630005
2016-06-14,97.32,712.330017,716.47998,151.279999
2016-06-15,97.82,722.0,719.0,151.460007
2016-06-16,96.449997,712.049988,714.909973,150.190002
2016-06-17,96.620003,718.190002,708.650024,150.960007
2016-06-20,96.0,713.5,698.77002,152.600006
2016-06-21,94.940002,715.719971,698.400024,154.160004
2016-06-22,96.25,716.580017,699.059998,153.75
2016-06-23,95.940002,715.5,697.450012,153.449997
2016-06-24,92.910004,693.0,675.169983,149.970001
2016-06-27,93.0,692.01001,671.0,146.179993
2016-06-28,92.900002,700.0,678.969971,144.779999
2016-06-29,93.970001,715.75,683.0,146.5
2016-06-30,94.440002,717.200012,685.469971,148.860001
2016-07-01,95.489998,717.320007,692.200012,151.779999
2016-07-05,95.389999,722.799988,696.059998,151.190002
2016-07-06,94.599998,725.710022,689.97998,151.850006
2016-07-07,95.699997,739.330017,698.080017,152.75
2016-07-08,96.489998,740.140015,699.5,154.0
2016-07-11,96.75,750.0,708.049988,154.600006
2016-07-12,97.169998,756.859985,719.119995,156.0
2016-07-13,97.410004,746.76001,723.619995,157.75
2016-07-14,97.389999,748.859985,721.580017,158.809998
2016-07-15,98.919998,746.549988,725.72998,159.899994
2016-07-18,98.699997,735.48999,722.710022,159.300003
2016-07-19,99.559998,732.5,729.890015,161.779999
2016-07-20,100.0,744.0,737.330017,159.970001
2016-07-21,99.830002,747.5,740.359985,160.75
2016-07-22,99.260002,747.789978,741.859985,160.779999
2016-07-25,98.25,746.549988,740.669983,162.0
2016-07-26,96.82,742.710022,739.039978,162.649994
2016-07-27,104.269997,737.969971,738.280029,162.119995
2016-07-28,102.830002,745.97998,747.039978,161.380005
2016-07-29,104.190002,765.0,772.710022,161.360001
2016-08-01,104.410004,759.869995,761.090027,160.649994
2016-08-02,106.050003,763.809998,768.690002,161.270004
2016-08-03,104.809998,757.059998,767.179993,160.130005
2016-08-04,105.580002,753.700012,772.219971,160.860001
2016-08-05,106.269997,764.809998,773.780029,162.0
2016-08-08,107.519997,766.809998,782.0,162.729996
2016-08-09,108.230003,767.390015,781.099976,162.220001
2016-08-10,108.709999,769.799988,783.75,162.190002
2016-08-11,108.519997,769.940002,785.0,162.25
2016-08-12,107.779999,768.460022,781.5,163.190002
2016-08-15,108.139999,771.900024,783.75,162.399994
2016-08-16,109.629997,768.619995,780.299988,161.110001
2016-08-17,109.099998,764.409973,777.320007,160.970001
2016-08-18,109.230003,764.0,780.01001,160.889999
2016-08-19,108.769997,761.900024,775.0,160.839996
2016-08-22,108.860001,757.5,773.27002,160.0
2016-08-23,108.589996,763.309998,775.47998,160.330002
2016-08-24,108.57,763.0,770.580017,159.889999
2016-08-25,107.389999,756.0,767.0,159.0
2016-08-26,107.410004,760.049988,769.0,158.880005
2016-08-29,106.620003,768.719971,768.73999,158.830002
2016-08-30,105.800003,771.049988,769.330017,159.759995
2016-08-31,105.660004,766.599976,767.01001,159.660004
2016-09-01,106.139999,770.900024,769.25,158.320007
2016-09-02,107.699997,774.109985,773.01001,159.880005
2016-09-06,107.900002,774.039978,773.450012,159.880005
2016-09-07,107.830002,789.530029,780.0,160.190002
2016-09-08,107.25,783.890015,778.590027,160.550003
2016-09-09,104.639999,779.359985,770.099976,158.029999
2016-09-12,102.650002,757.349976,755.130005,155.259995
2016-09-13,107.510002,768.77002,764.47998,157.630005
2016-09-14,108.730003,762.200012,759.609985,155.699997
2016-09-15,113.860001,762.0,762.890015,154.300003
2016-09-16,115.120003,773.280029,769.75,155.039993
2016-09-19,115.190002,779.969971,772.419983,154.869995
2016-09-20,113.050003,776.0,769.0,155.869995
2016-09-21,113.849998,783.25,772.659973,154.910004
2016-09-22,114.349998,794.27002,780.0,156.149994
2016-09-23,114.419998,803.130005,786.590027,155.619995
2016-09-26,111.639999,801.799988,782.73999,154.460007
2016-09-27,113.0,801.849976,775.5,154.320007
2016-09-28,113.690002,818.0,777.849976,156.990005
2016-09-29,113.160004,828.26001,781.440002,158.630005
2016-09-30,112.459999,832.609985,776.330017,158.899994
2016-10-03,112.709999,836.0,774.25,158.059998
2016-10-04,113.059998,840.909973,776.030029,157.669998
2016-10-05,113.400002,838.0,779.309998,157.070007
2016-10-06,113.699997,843.700012,779.0,156.839996
2016-10-07,114.309998,845.789978,779.659973,157.139999
2016-10-10,115.019997,843.25,777.710022,156.710007
2016-10-11,117.699997,841.02002,786.659973,156.729996
2016-10-12,117.349998,834.0,783.76001,154.970001
2016-10-13,116.790001,829.0,781.219971,153.699997
2016-10-14,117.879997,835.080017,781.650024,154.470001
2016-10-17,117.330002,821.5,779.799988,154.449997
2016-10-18,118.18,822.109985,787.849976,150.020004
2016-10-19,117.25,820.400024,798.23999,151.270004
2016-10-20,116.860001,813.98999,803.299988,151.279999
2016-10-21,116.809998,809.359985,795.0,150.580002
2016-10-24,117.099998,824.950012,804.900024,150.399994
2016-10-25,117.949997,839.299988,816.679993,150.570007
2016-10-26,114.309998,832.76001,806.340027,150.710007
2016-10-27,115.389999,831.23999,801.0,152.820007
2016-10-28,113.870003,782.0,808.349976,154.050003
2016-10-31,113.650002,781.030029,795.469971,152.759995
2016-11-01,113.459999,799.0,782.890015,153.5
2016-11-02,111.400002,783.929993,778.200012,152.479996
2016-11-03,110.980003,765.049988,767.25,152.509995
2016-11-04,108.529999,762.789978,750.659973,152.399994
2016-11-07,110.080002,771.640015,774.5,153.990005
2016-11-08,110.309998,784.969971,783.400024,154.559998
2016-11-09,109.879997,764.0,779.940002,152.960007
2016-11-10,111.089996,778.809998,791.169983,157.660004
2016-11-11,107.120003,735.72998,756.539978,159.970001
2016-11-14,107.709999,745.51001,755.599976,161.25
2016-11-15,106.57,730.0,746.969971,158.419998
2016-11-16,106.699997,739.880005,755.200012,158.460007
2016-11-17,109.809998,749.320007,766.919983,159.220001
2016-11-18,109.720001,761.0,771.369995,159.800003
2016-11-21,110.120003,766.0,762.609985,160.690002
2016-11-22,111.949997,788.169983,772.630005,163.0
2016-11-23,111.360001,781.72998,767.72998,161.940002
2016-11-25,111.129997,786.5,764.26001,161.830002
2016-11-28,111.43,776.98999,760.0,163.199997
2016-11-29,110.779999,768.0,771.530029,164.0
2016-11-30,111.599998,762.0,770.070007,163.350006
2016-12-01,110.370003,752.409973,757.440002,161.949997
2016-12-02,109.169998,743.400024,744.590027,159.0
2016-12-05,110.0,745.0,757.710022,160.850006
2016-12-06,109.5,763.98999,764.72998,160.130005
2016-12-07,109.260002,764.549988,761.0,160.600006
2016-12-08,110.860001,771.869995,772.47998,164.869995
2016-12-09,112.309998,770.0,780.0,165.179993
2016-12-12,113.290001,766.400024,785.039978,166.720001
2016-12-13,113.839996,764.960022,793.900024,165.679993
2016-12-14,115.040001,778.25,797.400024,168.369995
2016-12-15,115.379997,766.280029,797.340027,168.009995
2016-12-16,116.470001,765.0,800.400024,168.970001
2016-12-19,115.800003,758.890015,790.219971,166.830002
2016-12-20,116.739998,768.650024,796.76001,167.490005
2016-12-21,116.800003,770.0,795.840027,166.25
2016-12-22,116.349998,768.119995,792.359985,167.360001
2016-12-23,115.589996,764.549988,790.900024,167.0
2016-12-27,116.519997,763.400024,790.679993,166.979996
2016-12-28,117.519997,776.25,793.700012,167.289993
2016-12-29,116.449997,772.400024,783.330017,166.020004
2016-12-30,116.650002,766.469971,782.75,166.440002
2017-01-03,115.800003,757.919983,778.809998,167.0
2017-01-04,115.849998,758.390015,788.359985,167.770004
2017-01-05,115.919998,761.549988,786.080017,169.25
2017-01-06,116.779999,782.359985,795.26001,168.690002
2017-01-09,117.949997,798.0,806.400024,169.470001
2017-01-10,118.769997,796.599976,807.859985,167.979996
2017-01-11,118.739998,793.659973,805.0,166.050003
2017-01-12,118.900002,800.309998,807.140015,167.770004
2017-01-13,119.110001,814.320007,807.47998,167.970001
2017-01-17,118.339996,815.700012,807.080017,166.690002
2017-01-18,120.0,809.5,805.809998,167.449997
2017-01-19,119.400002,810.0,805.119995,166.960007
2017-01-20,120.449997,815.280029,806.909973,167.809998
2017-01-23,120.0,806.799988,807.25,170.080002
2017-01-24,119.550003,822.0,822.299988,171.360001
2017-01-25,120.419998,825.789978,829.619995,176.259995
2017-01-26,121.669998,835.530029,837.809998,178.059998
2017-01-27,122.139999,839.0,834.710022,178.470001
2017-01-30,120.93,833.0,814.659973,176.979996
2017-01-31,121.150002,823.75,796.859985,175.050003
2017-02-01,127.029999,829.210022,799.679993,175.0
2017-02-02,127.980003,836.590027,793.799988,174.229996
2017-02-03,128.309998,806.719971,802.98999,175.0
2017-02-06,129.130005,809.799988,799.700012,175.309998
2017-02-07,130.539993,809.309998,803.98999,176.0
2017-02-08,131.350006,812.690002,807.0,177.5
2017-02-09,131.649994,821.599976,809.51001,176.169998
2017-02-10,132.460007,823.820007,811.700012,177.369995
2017-02-13,133.080002,831.619995,816.0,179.240005
2017-02-14,133.470001,837.0,819.0,178.570007
2017-02-15,135.520004,834.0,819.359985,180.199997
2017-02-16,135.669998,841.840027,819.929993,181.449997
2017-02-17,135.100006,842.0,823.02002,181.25
2017-02-21,136.229996,848.840027,828.659973,180.600006
2017-02-22,136.429993,856.950012,828.659973,180.089996
2017-02-23,137.380005,857.570007,830.119995,182.0
2017-02-24,135.910004,844.690002,827.72998,180.210007
2017-02-27,137.139999,842.380005,824.549988,181.190002
2017-02-28,137.080002,851.450012,825.609985,179.380005
2017-03-01,137.889999,853.049988,828.849976,180.479996
2017-03-02,140.0,853.080017,833.849976,181.880005
2017-03-03,138.779999,847.200012,830.559998,180.529999
2017-03-06,139.369995,845.22998,826.950012,179.720001
2017-03-07,139.059998,845.47998,827.400024,180.710007
2017-03-08,138.949997,848.0,833.51001,180.75
2017-03-09,138.740005,851.0,836.0,179.149994
2017-03-10,139.25,857.0,843.280029,178.210007
2017-03-13,138.850006,851.77002,844.0,177.850006
2017-03-14,139.300003,853.549988,843.640015,176.179993
2017-03-15,139.410004,854.330017,847.590027,175.710007
2017-03-16,140.720001,855.299988,849.030029,178.460007
2017-03-17,141.0,853.48999,851.609985,176.289993
2017-03-20,140.399994,851.51001,850.01001,175.649994
2017-03-21,142.110001,858.840027,851.400024,176.009995
2017-03-22,139.850006,840.429993,831.909973,174.039993
2017-03-23,141.259995,848.200012,821.0,174.429993
2017-03-24,141.5,851.679993,820.080017,175.119995
2017-03-27,139.389999,838.070007,806.950012,172.690002
2017-03-28,140.910004,851.75,820.409973,173.940002
2017-03-29,143.679993,859.049988,825.0,174.300003
2017-03-30,144.190002,874.950012,833.5,173.860001
2017-03-31,143.720001,877.0,828.969971,173.979996
2017-04-03,143.710007,888.0,829.219971,173.820007
2017-04-04,143.25,891.5,831.359985,173.520004
2017-04-05,144.220001,910.820007,835.51001,174.699997
2017-04-06,144.289993,913.799988,832.400024,173.470001
2017-04-07,143.729996,899.650024,827.960022,172.080002
2017-04-10,143.600006,899.630005,825.390015,172.529999
2017-04-11,142.940002,907.039978,824.710022,170.649994
2017-04-12,141.600006,903.090027,821.929993,171.039993
2017-04-13,141.910004,891.450012,822.140015,169.919998
2017-04-17,141.479996,887.5,825.01001,169.75
2017-04-18,141.410004,900.98999,834.219971,170.789993
2017-04-19,141.880005,907.840027,839.789978,161.759995
2017-04-20,141.220001,899.700012,841.440002,161.320007
2017-04-21,142.440002,902.669983,842.880005,162.050003
2017-04-24,143.5,908.679993,851.200012,161.289993
2017-04-25,143.910004,907.039978,865.0,161.779999
2017-04-26,144.470001,910.299988,874.22998,160.529999
2017-04-27,143.919998,914.390015,873.599976,160.289993
2017-04-28,144.089996,948.830017,910.659973,160.5
2017-05-01,145.100006,927.799988,901.940002,160.050003
2017-05-02,147.539993,946.650024,909.619995,159.440002
2017-05-03,145.589996,946.0,914.859985,158.740005
2017-05-04,146.520004,944.75,926.070007,158.889999
2017-05-05,146.759995,940.52002,933.539978,153.520004
2017-05-08,149.029999,940.950012,926.119995,152.800003
2017-05-09,153.869995,952.799988,936.950012,152.600006
2017-05-10,153.630005,953.5,931.97998,151.649994
2017-05-11,152.449997,945.109985,925.320007,151.050003
2017-05-12,154.699997,954.5,931.530029,150.300003
2017-05-15,156.009995,958.72998,932.950012,150.619995
2017-05-16,155.940002,961.0,940.0,151.660004
2017-05-17,153.600006,954.700012,935.669983,153.300003
2017-05-18,151.270004,944.799988,921.0,150.860001
2017-05-19,153.380005,962.840027,931.469971,151.009995
2017-05-22,154.0,964.0,935.0,152.100006
2017-05-23,154.899994,975.02002,947.919983,152.570007
2017-05-24,153.839996,976.0,952.97998,152.210007
2017-05-25,153.729996,984.849976,957.330017,153.25
2017-05-26,154.0,995.0,969.700012,152.850006
2017-05-30,153.419998,996.51001,970.309998,151.949997
2017-05-31,153.970001,1000.0,975.02002,152.029999
2017-06-01,153.169998,998.590027,968.950012,152.800003
2017-06-02,153.580002,998.98999,969.460022,153.070007
2017-06-05,154.339996,1007.22998,976.549988,151.820007
2017-06-06,153.899994,1012.0,983.159973,152.0
2017-06-07,155.020004,1005.950012,980.0,153.050003
2017-06-08,155.25,1012.059998,982.349976,151.0
2017-06-09,155.190002,1012.5,984.5,152.0
2017-06-12,145.740005,967.0,939.559998,154.190002
2017-06-13,147.160004,977.98999,951.909973,155.440002
2017-06-14,147.5,988.590027,959.919983,153.970001
2017-06-15,143.320007,958.700012,933.969971,153.289993
2017-06-16,143.779999,996.0,940.0,154.229996
2017-06-19,143.660004,1017.0,949.960022,155.509995
2017-06-20,146.869995,998.0,957.52002,154.479996
2017-06-21,145.520004,998.700012,953.640015,155.789993
2017-06-22,145.770004,1002.22998,958.700012,154.550003
2017-06-23,145.130005,1002.539978,956.830017,154.339996
2017-06-26,147.169998,1008.5,969.900024,154.710007
2017-06-27,145.009995,990.690002,942.460022,155.0
2017-06-28,144.490005,978.549988,929.0,155.149994
2017-06-29,144.710007,979.0,929.919983,155.350006
2017-06-30,144.449997,980.119995,926.049988,154.279999
2017-07-03,144.880005,972.789978,912.179993,153.580002
2017-07-05,143.690002,961.530029,901.76001,155.770004
2017-07-06,143.020004,964.659973,904.119995,153.360001
2017-07-07,142.899994,969.549988,908.849976,152.619995
2017-07-10,144.110001,985.0,921.77002,152.910004
2017-07-11,144.729996,993.0,929.539978,153.259995
2017-07-12,145.869995,1000.650024,938.679993,153.479996
2017-07-13,145.5,1004.619995,946.289978,153.699997
2017-07-14,147.970001,1002.400024,952.0,154.009995
2017-07-17,148.820007,1004.690002,957.0,153.589996
2017-07-18,149.199997,1006.0,953.0,152.360001
2017-07-19,150.479996,1025.0,967.840027,150.020004
2017-07-20,151.5,1031.589966,975.0,147.529999
2017-07-21,149.990005,1021.280029,962.25,147.589996
2017-07-24,150.580002,1028.339966,972.219971,147.0
2017-07-25,151.800003,1038.050049,953.809998,146.570007
2017-07-26,153.350006,1043.199951,954.679993,146.270004
2017-07-27,153.75,1069.550049,951.780029,145.0
2017-07-28,149.889999,1012.140015,929.400024,144.809998
2017-07-31,149.899994,1019.049988,941.890015,144.380005
2017-08-01,149.100006,996.109985,932.380005,145.0
2017-08-02,159.279999,1001.77002,928.609985,145.119995
2017-08-03,157.050003,999.469971,930.340027,144.429993
2017-08-04,156.070007,989.679993,926.75,145.0
2017-08-07,157.059998,990.650024,929.059998,145.0
2017-08-08,158.600006,994.349976,927.090027,142.0
2017-08-09,159.259995,982.599976,920.609985,141.75
2017-08-10,159.899994,976.299988,917.549988,141.639999
2017-08-11,156.600006,960.0,907.969971,142.449997
2017-08-14,159.320007,978.409973,922.530029,142.0
2017-08-15,160.660004,988.900024,924.22998,142.550003
2017-08-16,161.940002,981.650024,925.289978,141.789993
2017-08-17,160.520004,977.840027,925.780029,142.520004
2017-08-18,157.860001,961.400024,910.309998,140.869995
2017-08-21,157.5,957.570007,910.0,139.589996
2017-08-22,158.229996,955.52002,912.719971,140.639999
2017-08-23,159.070007,959.380005,921.929993,140.699997
2017-08-24,160.429993,957.419983,928.659973,142.5
2017-08-25,159.649994,956.0,923.48999,143.300003
2017-08-28,160.139999,946.539978,916.0,144.110001
2017-08-29,160.100006,940.0,905.099976,142.100006
2017-08-30,163.800003,958.440002,920.049988,143.259995
2017-08-31,163.639999,974.700012,931.76001,143.020004
2017-09-01,164.800003,984.200012,941.130005,142.979996
2017-09-05,163.75,975.400024,933.080017,143.5
2017-09-06,162.710007,968.320007,930.150024,143.880005
2017-09-07,162.089996,974.0,931.72998,144.100006
2017-09-08,160.860001,979.099976,936.48999,143.149994
2017-09-11,160.5,974.460022,934.25,143.539993
2017-09-12,162.610001,983.27002,932.590027,145.110001
2017-09-13,159.869995,983.969971,930.659973,145.350006
2017-09-14,158.990005,996.799988,931.25,145.860001
2017-09-15,158.470001,993.01001,924.659973,144.820007
2017-09-18,160.110001,990.400024,920.01001,144.809998
2017-09-19,159.509995,977.25,917.419983,144.789993
2017-09-20,157.899994,971.789978,922.97998,144.929993
2017-09-21,155.800003,971.309998,933.0,145.649994
2017-09-22,151.539993,961.01001,927.75,145.589996
2017-09-25,149.990005,949.309998,925.450012,145.119995
2017-09-26,151.779999,945.48999,923.719971,146.360001
2017-09-27,153.800003,948.0,927.73999,146.679993
2017-09-28,153.889999,951.859985,941.359985,145.660004
2017-09-29,153.210007,960.109985,952.0,145.449997
2017-10-02,154.259995,964.0,959.97998,145.350006
2017-10-03,154.009995,958.0,954.0,146.690002
2017-10-04,153.630005,954.210022,957.0,147.0
2017-10-05,154.179993,970.0,955.48999,146.679993
2017-10-06,154.970001,975.640015,966.700012,146.639999
2017-10-09,155.809998,993.23999,980.0,146.5
2017-10-10,156.059998,996.669983,980.0,147.710007
2017-10-11,155.970001,991.27002,973.719971,148.399994
2017-10-12,156.350006,996.809998,987.450012,147.559998
2017-10-13,156.729996,1007.0,992.0,147.479996
2017-10-16,157.899994,1008.440002,992.099976,147.220001
2017-10-17,159.779999,1005.590027,990.289978,146.630005
2017-10-18,160.419998,1009.27002,991.77002,157.119995
2017-10-19,156.75,990.0,986.0,159.800003
2017-10-20,156.610001,993.530029,989.440002,161.070007
2017-10-23,156.889999,986.72998,989.52002,162.050003
2017-10-24,156.289993,969.0,970.0,159.649994
2017-10-25,156.910004,978.0,968.369995,156.009995
2017-10-26,157.229996,980.330017,980.0,154.309998
2017-10-27,159.289993,1058.140015,1009.190002,154.539993
2017-10-30,163.889999,1095.01001,1014.0,153.759995
2017-10-31,167.899994,1109.0,1015.219971,154.330002
2017-11-01,169.869995,1105.400024,1017.210022,154.100006
2017-11-02,166.600006,1097.810059,1021.76001,154.179993
2017-11-03,174.0,1091.150024,1022.109985,153.419998
2017-11-06,172.369995,1109.150024,1028.98999,151.770004
2017-11-07,173.910004,1124.73999,1027.27002,151.369995
2017-11-08,174.660004,1122.819946,1030.52002,151.600006
2017-11-09,175.110001,1125.959961,1033.98999,149.929993
2017-11-10,175.110001,1126.099976,1026.459961,150.649994
2017-11-13,173.5,1123.0,1023.419983,148.880005
2017-11-14,173.039993,1130.109985,1022.590027,147.949997
2017-11-15,169.970001,1127.01001,1019.210022,148.0
2017-11-16,171.179993,1130.160034,1022.52002,147.729996
2017-11-17,171.039993,1138.280029,1034.01001,149.339996
2017-11-20,170.289993,1129.77002,1020.26001,150.639999
2017-11-21,170.779999,1132.859985,1023.309998,151.300003
2017-11-22,173.360001,1141.0,1035.0,152.0
2017-11-24,175.100006,1160.699951,1035.869995,151.949997
2017-11-27,175.050003,1202.660034,1040.0,152.059998
2017-11-28,174.300003,1204.880005,1055.089966,152.350006
2017-11-29,172.630005,1194.800049,1042.680054,152.809998
2017-11-30,170.429993,1167.099976,1022.369995,153.649994
2017-12-01,169.949997,1172.050049,1015.799988,154.399994
2017-12-04,172.479996,1173.849976,1012.659973,155.960007
2017-12-05,169.059998,1128.26001,995.940002,156.449997
2017-12-06,167.5,1137.98999,1001.5,154.100006
2017-12-07,169.029999,1156.589966,1020.429993,153.589996
2017-12-08,170.490005,1170.400024,1037.48999,154.979996
2017-12-11,169.199997,1164.599976,1035.5,155.460007
2017-12-12,172.149994,1166.51001,1039.630005,157.300003
2017-12-13,172.5,1170.0,1046.119995,156.600006
2017-12-14,172.399994,1163.709961,1045.0,154.600006
2017-12-15,173.630005,1179.030029,1054.609985,153.610001
2017-12-18,174.880005,1187.369995,1066.079956,153.589996
2017-12-19,175.029999,1189.150024,1075.199951,154.050003
2017-12-20,174.869995,1190.5,1071.780029,153.649994
2017-12-21,174.169998,1175.900024,1064.949951,153.169998
2017-12-22,174.679993,1172.079956,1061.109985,151.820007
2017-12-26,170.800003,1168.359985,1058.069946,152.509995
2017-12-27,170.100006,1179.910034,1057.390015,152.949997
2017-12-28,171.0,1189.0,1051.599976,153.199997
2017-12-29,170.520004,1182.349976,1046.719971,154.169998
2018-01-02,170.160004,1172.0,1048.339966,154.5
2018-01-03,172.529999,1188.300049,1064.310059,157.339996
2018-01-04,172.539993,1205.0,1088.0,159.649994
2018-01-05,173.440002,1217.51001,1094.0,162.440002
2018-01-08,174.350006,1236.0,1102.22998,162.660004
2018-01-09,174.550003,1256.900024,1109.400024,163.899994
2018-01-10,173.160004,1245.150024,1097.099976,162.910004
2018-01-11,174.589996,1259.73999,1106.300049,164.800003
2018-01-12,176.179993,1273.390015,1102.410034,164.020004
2018-01-16,177.899994,1323.0,1132.51001,165.100006
2018-01-17,176.149994,1312.23999,1126.219971,168.009995
2018-01-18,179.369995,1293.949951,1131.410034,170.0
2018-01-19,178.610001,1312.0,1131.829956,164.460007
2018-01-22,177.300003,1297.170044,1137.48999,161.509995
2018-01-23,177.300003,1338.089966,1159.849976,162.820007
2018-01-24,177.25,1374.819946,1177.329956,166.75
2018-01-25,174.509995,1368.0,1172.530029,165.910004
2018-01-26,172.0,1392.01001,1175.079956,166.119995
2018-01-29,170.160004,1409.180054,1176.47998,167.449997
2018-01-30,165.529999,1403.170044,1167.829956,166.210007
2018-01-31,166.869995,1451.300049,1170.569946,163.75
2018-02-01,167.169998,1445.0,1162.609985,163.190002
2018-02-02,166.0,1477.390015,1122.0,161.699997
2018-02-05,159.100006,1402.619995,1090.599976,157.889999
2018-02-06,154.830002,1361.459961,1027.180054,150.289993
2018-02-07,163.089996,1449.0,1081.540039,154.169998
2018-02-08,160.289993,1429.680054,1055.410034,152.479996
2018-02-09,157.070007,1373.48999,1017.25,148.600006
2018-02-12,158.5,1364.670044,1048.0,150.899994
2018-02-13,161.949997,1385.930054,1045.0,150.899994
2018-02-14,163.039993,1406.25,1048.949951,150.190002
2018-02-15,169.789993,1466.890015,1079.069946,155.5
2018-02-16,172.360001,1457.369995,1088.410034,155.710007
2018-02-20,172.050003,1446.48999,1090.569946,155.789993
2018-02-21,172.830002,1485.0,1106.469971,155.429993
2018-02-22,171.800003,1495.359985,1116.189941,154.5
2018-02-23,173.669998,1495.339966,1112.640015,154.300003
2018-02-26,176.350006,1509.199951,1127.800049,155.809998
2018-02-27,179.100006,1524.5,1141.23999,158.460007
2018-02-28,179.259995,1519.51001,1123.030029,157.5
2018-03-01,178.539993,1513.599976,1107.869995,155.529999
2018-03-02,172.800003,1469.099976,1053.079956,152.789993
2018-03-05,175.210007,1494.23999,1075.140015,154.119995
2018-03-06,177.910004,1533.199951,1099.219971,157.279999
2018-03-07,174.940002,1526.52002,1089.189941,155.0
2018-03-08,175.479996,1550.0,1115.319946,159.0
2018-03-09,177.960007,1563.5,1136.0,157.470001
2018-03-12,180.289993,1592.599976,1163.849976,159.639999
2018-03-13,182.589996,1615.959961,1170.0,160.089996
2018-03-14,180.320007,1597.0,1145.209961,160.169998
2018-03-15,178.5,1595.0,1149.959961,158.710007
2018-03-16,178.649994,1583.449951,1154.140015,160.059998
2018-03-19,177.320007,1554.530029,1120.01001,159.710007
2018-03-20,175.240005,1550.339966,1099.0,157.520004
2018-03-21,175.039993,1586.449951,1092.73999,156.570007
2018-03-22,170.0,1565.469971,1081.880005,155.0
2018-03-23,168.389999,1539.01001,1047.030029,152.25
2018-03-26,168.070007,1530.0,1046.0,151.210007
2018-03-27,173.679993,1572.400024,1063.0,153.949997
2018-03-28,167.25,1447.0,998.0,152.070007
2018-03-29,167.809998,1406.0,1011.630005,153.070007
2018-04-02,166.639999,1417.619995,1022.820007,153.339996
2018-04-03,167.639999,1391.380005,1013.909973,150.800003
2018-04-04,164.880005,1358.23999,993.409973,147.889999
2018-04-05,172.580002,1441.98999,1041.329956,154.440002
2018-04-06,170.970001,1429.969971,1020.0,153.460007
2018-04-09,169.880005,1425.030029,1016.799988,151.800003
2018-04-10,173.0,1431.98999,1026.439941,155.029999
2018-04-11,172.229996,1439.439941,1027.98999,154.369995
2018-04-12,173.410004,1439.5,1025.040039,156.75
2018-04-13,174.779999,1449.140015,1040.880005,158.669998
2018-04-16,175.029999,1445.0,1037.0,157.990005
2018-04-17,176.490005,1462.300049,1051.369995,158.820007
2018-04-18,177.809998,1514.650024,1077.430054,152.139999
2018-04-19,173.759995,1543.219971,1069.400024,149.190002
2018-04-20,170.600006,1561.199951,1082.0,147.899994
2018-04-23,166.830002,1546.689941,1077.859985,145.029999
2018-04-24,165.669998,1535.800049,1052.0,146.509995
2018-04-25,162.619995,1458.0,1025.52002,145.789993
2018-04-26,164.119995,1485.01001,1029.51001,146.600006
2018-04-27,164.0,1634.01001,1046.0,146.839996
2018-04-30,162.130005,1582.5,1030.01001,146.860001
2018-05-01,166.410004,1563.219971,1013.659973,144.649994
2018-05-02,175.229996,1580.97998,1028.099976,144.460007
2018-05-03,175.880005,1560.01001,1019.0,142.130005
2018-05-04,178.25,1562.449951,1016.900024,141.100006
2018-05-07,185.179993,1589.339966,1049.22998,144.0
2018-05-08,184.990005,1595.0,1058.540039,143.0
2018-05-09,186.550003,1600.0,1058.099976,141.899994
2018-05-10,187.740005,1608.47998,1086.030029,143.149994
2018-05-11,189.490005,1610.98999,1093.599976,144.110001
